Dataset,Fold,SeedsPerLabel,ScaleFactor,Model,Method,Accuracy,F1_Score,Hyperparameters,ExecutionTime_Sec
Coffee,1,5,1,KNN,Baseline,0.91,0.9122770322934248,"{'algorithm': 'auto', 'leaf_size': 30, 'metric': 'minkowski', 'metric_params': None, 'n_jobs': None, 'n_neighbors': 5, 'p': 2, 'weights': 'uniform'}",0.0044155120849609375
Coffee,1,5,1,KNN,Tuned_Baseline,0.905,0.9069299677047079,"{'algorithm': 'auto', 'leaf_size': 30, 'metric': 'minkowski', 'metric_params': None, 'n_jobs': None, 'n_neighbors': np.int64(11), 'p': 2, 'weights': 'distance'}",0.002784252166748047
Coffee,1,5,2,KNN,Jittering,0.9166666666666666,0.9184058416450201,"{'algorithm': 'auto', 'leaf_size': 30, 'metric': 'minkowski', 'metric_params': None, 'n_jobs': None, 'n_neighbors': np.int64(11), 'p': 2, 'weights': 'distance'}",0.005372285842895508
Coffee,1,5,3,KNN,Jittering,0.92,0.9214172249787422,"{'algorithm': 'auto', 'leaf_size': 30, 'metric': 'minkowski', 'metric_params': None, 'n_jobs': None, 'n_neighbors': np.int64(11), 'p': 2, 'weights': 'distance'}",0.007326602935791016
Coffee,1,5,5,KNN,Jittering,0.9233333333333333,0.9244383985810593,"{'algorithm': 'auto', 'leaf_size': 30, 'metric': 'minkowski', 'metric_params': None, 'n_jobs': None, 'n_neighbors': np.int64(11), 'p': 2, 'weights': 'distance'}",0.009656667709350586
Coffee,1,5,10,KNN,Jittering,0.9266666666666666,0.9276734365305428,"{'algorithm': 'auto', 'leaf_size': 30, 'metric': 'minkowski', 'metric_params': None, 'n_jobs': None, 'n_neighbors': np.int64(11), 'p': 2, 'weights': 'distance'}",0.017123699188232422
Coffee,1,5,2,KNN,Scaling,0.9066666666666666,0.9084202915216243,"{'algorithm': 'auto', 'leaf_size': 30, 'metric': 'minkowski', 'metric_params': None, 'n_jobs': None, 'n_neighbors': np.int64(11), 'p': 2, 'weights': 'distance'}",0.006090641021728516
Coffee,1,5,3,KNN,Scaling,0.915,0.9169036089233676,"{'algorithm': 'auto', 'leaf_size': 30, 'metric': 'minkowski', 'metric_params': None, 'n_jobs': None, 'n_neighbors': np.int64(11), 'p': 2, 'weights': 'distance'}",0.008801937103271484
Coffee,1,5,5,KNN,Scaling,0.9083333333333333,0.9111012196207603,"{'algorithm': 'auto', 'leaf_size': 30, 'metric': 'minkowski', 'metric_params': None, 'n_jobs': None, 'n_neighbors': np.int64(11), 'p': 2, 'weights': 'distance'}",0.01099395751953125
Coffee,1,5,10,KNN,Scaling,0.9233333333333333,0.9246019821252277,"{'algorithm': 'auto', 'leaf_size': 30, 'metric': 'minkowski', 'metric_params': None, 'n_jobs': None, 'n_neighbors': np.int64(11), 'p': 2, 'weights': 'distance'}",0.020181894302368164
Coffee,1,5,2,KNN,Magnitude_Warping,0.91,0.9122969261024161,"{'algorithm': 'auto', 'leaf_size': 30, 'metric': 'minkowski', 'metric_params': None, 'n_jobs': None, 'n_neighbors': np.int64(11), 'p': 2, 'weights': 'distance'}",0.0061740875244140625
Coffee,1,5,3,KNN,Magnitude_Warping,0.89,0.8925983109282614,"{'algorithm': 'auto', 'leaf_size': 30, 'metric': 'minkowski', 'metric_params': None, 'n_jobs': None, 'n_neighbors': np.int64(11), 'p': 2, 'weights': 'distance'}",0.008862495422363281
Coffee,1,5,5,KNN,Magnitude_Warping,0.9033333333333333,0.9047944056918282,"{'algorithm': 'auto', 'leaf_size': 30, 'metric': 'minkowski', 'metric_params': None, 'n_jobs': None, 'n_neighbors': np.int64(11), 'p': 2, 'weights': 'distance'}",0.013147830963134766
Coffee,1,5,10,KNN,Magnitude_Warping,0.9233333333333333,0.9246395499864509,"{'algorithm': 'auto', 'leaf_size': 30, 'metric': 'minkowski', 'metric_params': None, 'n_jobs': None, 'n_neighbors': np.int64(11), 'p': 2, 'weights': 'distance'}",0.02006816864013672
Coffee,1,5,2,KNN,Time_Warping,0.9066666666666666,0.9086829746726491,"{'algorithm': 'auto', 'leaf_size': 30, 'metric': 'minkowski', 'metric_params': None, 'n_jobs': None, 'n_neighbors': np.int64(11), 'p': 2, 'weights': 'distance'}",0.008849620819091797
Coffee,1,5,3,KNN,Time_Warping,0.91,0.9121328885976198,"{'algorithm': 'auto', 'leaf_size': 30, 'metric': 'minkowski', 'metric_params': None, 'n_jobs': None, 'n_neighbors': np.int64(11), 'p': 2, 'weights': 'distance'}",0.011712789535522461
Coffee,1,5,5,KNN,Time_Warping,0.9116666666666666,0.9144619109952248,"{'algorithm': 'auto', 'leaf_size': 30, 'metric': 'minkowski', 'metric_params': None, 'n_jobs': None, 'n_neighbors': np.int64(11), 'p': 2, 'weights': 'distance'}",0.01388239860534668
Coffee,1,5,10,KNN,Time_Warping,0.87,0.8752304340539634,"{'algorithm': 'auto', 'leaf_size': 30, 'metric': 'minkowski', 'metric_params': None, 'n_jobs': None, 'n_neighbors': np.int64(11), 'p': 2, 'weights': 'distance'}",0.03546428680419922
Coffee,1,5,2,KNN,SMOTE,0.8966666666666666,0.9019008232344866,"{'algorithm': 'auto', 'leaf_size': 30, 'metric': 'minkowski', 'metric_params': None, 'n_jobs': None, 'n_neighbors': np.int64(11), 'p': 2, 'weights': 'distance'}",0.011189699172973633
Coffee,1,5,3,KNN,SMOTE,0.855,0.8613847081915517,"{'algorithm': 'auto', 'leaf_size': 30, 'metric': 'minkowski', 'metric_params': None, 'n_jobs': None, 'n_neighbors': np.int64(11), 'p': 2, 'weights': 'distance'}",0.008832693099975586
Coffee,1,5,5,KNN,SMOTE,0.8933333333333333,0.9004336547679467,"{'algorithm': 'auto', 'leaf_size': 30, 'metric': 'minkowski', 'metric_params': None, 'n_jobs': None, 'n_neighbors': np.int64(11), 'p': 2, 'weights': 'distance'}",0.010779380798339844
Coffee,1,5,10,KNN,SMOTE,0.9066666666666666,0.9121247518132319,"{'algorithm': 'auto', 'leaf_size': 30, 'metric': 'minkowski', 'metric_params': None, 'n_jobs': None, 'n_neighbors': np.int64(11), 'p': 2, 'weights': 'distance'}",0.018177270889282227
Coffee,1,5,2,KNN,Mixup,0.9083333333333333,0.9107216299027991,"{'algorithm': 'auto', 'leaf_size': 30, 'metric': 'minkowski', 'metric_params': None, 'n_jobs': None, 'n_neighbors': np.int64(11), 'p': 2, 'weights': 'distance'}",0.006673574447631836
Coffee,1,5,3,KNN,Mixup,0.9233333333333333,0.9245220411971196,"{'algorithm': 'auto', 'leaf_size': 30, 'metric': 'minkowski', 'metric_params': None, 'n_jobs': None, 'n_neighbors': np.int64(11), 'p': 2, 'weights': 'distance'}",0.007920026779174805
Coffee,1,5,5,KNN,Mixup,0.91,0.9132599727937966,"{'algorithm': 'auto', 'leaf_size': 30, 'metric': 'minkowski', 'metric_params': None, 'n_jobs': None, 'n_neighbors': np.int64(11), 'p': 2, 'weights': 'distance'}",0.009830713272094727
Coffee,1,5,10,KNN,Mixup,0.9183333333333333,0.9207414930351725,"{'algorithm': 'auto', 'leaf_size': 30, 'metric': 'minkowski', 'metric_params': None, 'n_jobs': None, 'n_neighbors': np.int64(11), 'p': 2, 'weights': 'distance'}",0.016849756240844727
Coffee,1,5,2,KNN,GMM,0.91,0.9125936553825139,"{'algorithm': 'auto', 'leaf_size': 30, 'metric': 'minkowski', 'metric_params': None, 'n_jobs': None, 'n_neighbors': np.int64(11), 'p': 2, 'weights': 'distance'}",0.00807046890258789
Coffee,1,5,3,KNN,GMM,0.8983333333333333,0.9007967241372463,"{'algorithm': 'auto', 'leaf_size': 30, 'metric': 'minkowski', 'metric_params': None, 'n_jobs': None, 'n_neighbors': np.int64(11), 'p': 2, 'weights': 'distance'}",0.01347804069519043
Coffee,1,5,5,KNN,GMM,0.8916666666666667,0.8945734772473902,"{'algorithm': 'auto', 'leaf_size': 30, 'metric': 'minkowski', 'metric_params': None, 'n_jobs': None, 'n_neighbors': np.int64(11), 'p': 2, 'weights': 'distance'}",0.017867565155029297
Coffee,1,5,10,KNN,GMM,0.8583333333333333,0.8648676499103422,"{'algorithm': 'auto', 'leaf_size': 30, 'metric': 'minkowski', 'metric_params': None, 'n_jobs': None, 'n_neighbors': np.int64(11), 'p': 2, 'weights': 'distance'}",0.03557777404785156
Coffee,1,5,2,KNN,HMM_GMM,0.9166666666666666,0.9184058416450201,"{'algorithm': 'auto', 'leaf_size': 30, 'metric': 'minkowski', 'metric_params': None, 'n_jobs': None, 'n_neighbors': np.int64(11), 'p': 2, 'weights': 'distance'}",0.010244607925415039
Coffee,1,5,3,KNN,HMM_GMM,0.92,0.9213407786649689,"{'algorithm': 'auto', 'leaf_size': 30, 'metric': 'minkowski', 'metric_params': None, 'n_jobs': None, 'n_neighbors': np.int64(11), 'p': 2, 'weights': 'distance'}",0.014613628387451172
Coffee,1,5,5,KNN,HMM_GMM,0.92,0.9213407786649689,"{'algorithm': 'auto', 'leaf_size': 30, 'metric': 'minkowski', 'metric_params': None, 'n_jobs': None, 'n_neighbors': np.int64(11), 'p': 2, 'weights': 'distance'}",0.02647686004638672
Coffee,1,5,10,KNN,HMM_GMM,0.9233333333333333,0.9242225345361595,"{'algorithm': 'auto', 'leaf_size': 30, 'metric': 'minkowski', 'metric_params': None, 'n_jobs': None, 'n_neighbors': np.int64(11), 'p': 2, 'weights': 'distance'}",0.0421297550201416
Coffee,1,5,1,RandomForest,Baseline,0.7066666666666667,0.7319801690103003,"{'bootstrap': True, 'ccp_alpha': 0.0, 'class_weight': None, 'criterion': 'gini', 'max_depth': None, 'max_features': 'sqrt', 'max_leaf_nodes': None, 'max_samples': None, 'min_impurity_decrease': 0.0, 'min_samples_leaf': 1, 'min_samples_split': 2, 'min_weight_fraction_leaf': 0.0, 'monotonic_cst': None, 'n_estimators': 100, 'n_jobs': None, 'oob_score': False, 'random_state': 42, 'verbose': 0, 'warm_start': False}",0.19964241981506348
Coffee,1,5,1,RandomForest,Tuned_Baseline,0.6983333333333334,0.7231241210467194,"{'bootstrap': True, 'ccp_alpha': 0.0, 'class_weight': None, 'criterion': 'gini', 'max_depth': 10, 'max_features': 'sqrt', 'max_leaf_nodes': None, 'max_samples': None, 'min_impurity_decrease': 0.0, 'min_samples_leaf': 2, 'min_samples_split': 2, 'min_weight_fraction_leaf': 0.0, 'monotonic_cst': None, 'n_estimators': 100, 'n_jobs': None, 'oob_score': False, 'random_state': 42, 'verbose': 0, 'warm_start': False}",0.007348060607910156
Coffee,1,5,2,RandomForest,Jittering,0.735,0.756298897269278,"{'bootstrap': True, 'ccp_alpha': 0.0, 'class_weight': None, 'criterion': 'gini', 'max_depth': 10, 'max_features': 'sqrt', 'max_leaf_nodes': None, 'max_samples': None, 'min_impurity_decrease': 0.0, 'min_samples_leaf': 2, 'min_samples_split': 2, 'min_weight_fraction_leaf': 0.0, 'monotonic_cst': None, 'n_estimators': 100, 'n_jobs': None, 'oob_score': False, 'random_state': 42, 'verbose': 0, 'warm_start': False}",0.3597226142883301
Coffee,1,5,3,RandomForest,Jittering,0.7783333333333333,0.7927768760111451,"{'bootstrap': True, 'ccp_alpha': 0.0, 'class_weight': None, 'criterion': 'gini', 'max_depth': 10, 'max_features': 'sqrt', 'max_leaf_nodes': None, 'max_samples': None, 'min_impurity_decrease': 0.0, 'min_samples_leaf': 2, 'min_samples_split': 2, 'min_weight_fraction_leaf': 0.0, 'monotonic_cst': None, 'n_estimators': 100, 'n_jobs': None, 'oob_score': False, 'random_state': 42, 'verbose': 0, 'warm_start': False}",0.4834322929382324
Coffee,1,5,5,RandomForest,Jittering,0.7583333333333333,0.7743201977807801,"{'bootstrap': True, 'ccp_alpha': 0.0, 'class_weight': None, 'criterion': 'gini', 'max_depth': 10, 'max_features': 'sqrt', 'max_leaf_nodes': None, 'max_samples': None, 'min_impurity_decrease': 0.0, 'min_samples_leaf': 2, 'min_samples_split': 2, 'min_weight_fraction_leaf': 0.0, 'monotonic_cst': None, 'n_estimators': 100, 'n_jobs': None, 'oob_score': False, 'random_state': 42, 'verbose': 0, 'warm_start': False}",0.7894859313964844
Coffee,1,5,10,RandomForest,Jittering,0.765,0.781184022549376,"{'bootstrap': True, 'ccp_alpha': 0.0, 'class_weight': None, 'criterion': 'gini', 'max_depth': 10, 'max_features': 'sqrt', 'max_leaf_nodes': None, 'max_samples': None, 'min_impurity_decrease': 0.0, 'min_samples_leaf': 2, 'min_samples_split': 2, 'min_weight_fraction_leaf': 0.0, 'monotonic_cst': None, 'n_estimators': 100, 'n_jobs': None, 'oob_score': False, 'random_state': 42, 'verbose': 0, 'warm_start': False}",1.5230152606964111
Coffee,1,5,2,RandomForest,Scaling,0.7333333333333333,0.7555119139617377,"{'bootstrap': True, 'ccp_alpha': 0.0, 'class_weight': None, 'criterion': 'gini', 'max_depth': 10, 'max_features': 'sqrt', 'max_leaf_nodes': None, 'max_samples': None, 'min_impurity_decrease': 0.0, 'min_samples_leaf': 2, 'min_samples_split': 2, 'min_weight_fraction_leaf': 0.0, 'monotonic_cst': None, 'n_estimators': 100, 'n_jobs': None, 'oob_score': False, 'random_state': 42, 'verbose': 0, 'warm_start': False}",0.32202935218811035
Coffee,1,5,3,RandomForest,Scaling,0.7316666666666667,0.7577009878302189,"{'bootstrap': True, 'ccp_alpha': 0.0, 'class_weight': None, 'criterion': 'gini', 'max_depth': 10, 'max_features': 'sqrt', 'max_leaf_nodes': None, 'max_samples': None, 'min_impurity_decrease': 0.0, 'min_samples_leaf': 2, 'min_samples_split': 2, 'min_weight_fraction_leaf': 0.0, 'monotonic_cst': None, 'n_estimators': 100, 'n_jobs': None, 'oob_score': False, 'random_state': 42, 'verbose': 0, 'warm_start': False}",0.47646617889404297
Coffee,1,5,5,RandomForest,Scaling,0.7183333333333334,0.7441435663146345,"{'bootstrap': True, 'ccp_alpha': 0.0, 'class_weight': None, 'criterion': 'gini', 'max_depth': 10, 'max_features': 'sqrt', 'max_leaf_nodes': None, 'max_samples': None, 'min_impurity_decrease': 0.0, 'min_samples_leaf': 2, 'min_samples_split': 2, 'min_weight_fraction_leaf': 0.0, 'monotonic_cst': None, 'n_estimators': 100, 'n_jobs': None, 'oob_score': False, 'random_state': 42, 'verbose': 0, 'warm_start': False}",0.7299437522888184
Coffee,1,5,10,RandomForest,Scaling,0.7416666666666667,0.7618941208996381,"{'bootstrap': True, 'ccp_alpha': 0.0, 'class_weight': None, 'criterion': 'gini', 'max_depth': 10, 'max_features': 'sqrt', 'max_leaf_nodes': None, 'max_samples': None, 'min_impurity_decrease': 0.0, 'min_samples_leaf': 2, 'min_samples_split': 2, 'min_weight_fraction_leaf': 0.0, 'monotonic_cst': None, 'n_estimators': 100, 'n_jobs': None, 'oob_score': False, 'random_state': 42, 'verbose': 0, 'warm_start': False}",1.4893488883972168
Coffee,1,5,2,RandomForest,Magnitude_Warping,0.7283333333333334,0.7509654289486359,"{'bootstrap': True, 'ccp_alpha': 0.0, 'class_weight': None, 'criterion': 'gini', 'max_depth': 10, 'max_features': 'sqrt', 'max_leaf_nodes': None, 'max_samples': None, 'min_impurity_decrease': 0.0, 'min_samples_leaf': 2, 'min_samples_split': 2, 'min_weight_fraction_leaf': 0.0, 'monotonic_cst': None, 'n_estimators': 100, 'n_jobs': None, 'oob_score': False, 'random_state': 42, 'verbose': 0, 'warm_start': False}",0.32840800285339355
Coffee,1,5,3,RandomForest,Magnitude_Warping,0.7283333333333334,0.7569294268061009,"{'bootstrap': True, 'ccp_alpha': 0.0, 'class_weight': None, 'criterion': 'gini', 'max_depth': 10, 'max_features': 'sqrt', 'max_leaf_nodes': None, 'max_samples': None, 'min_impurity_decrease': 0.0, 'min_samples_leaf': 2, 'min_samples_split': 2, 'min_weight_fraction_leaf': 0.0, 'monotonic_cst': None, 'n_estimators': 100, 'n_jobs': None, 'oob_score': False, 'random_state': 42, 'verbose': 0, 'warm_start': False}",0.49459052085876465
Coffee,1,5,5,RandomForest,Magnitude_Warping,0.7483333333333333,0.7648058943988053,"{'bootstrap': True, 'ccp_alpha': 0.0, 'class_weight': None, 'criterion': 'gini', 'max_depth': 10, 'max_features': 'sqrt', 'max_leaf_nodes': None, 'max_samples': None, 'min_impurity_decrease': 0.0, 'min_samples_leaf': 2, 'min_samples_split': 2, 'min_weight_fraction_leaf': 0.0, 'monotonic_cst': None, 'n_estimators': 100, 'n_jobs': None, 'oob_score': False, 'random_state': 42, 'verbose': 0, 'warm_start': False}",0.8239617347717285
Coffee,1,5,10,RandomForest,Magnitude_Warping,0.7233333333333334,0.7491514923431747,"{'bootstrap': True, 'ccp_alpha': 0.0, 'class_weight': None, 'criterion': 'gini', 'max_depth': 10, 'max_features': 'sqrt', 'max_leaf_nodes': None, 'max_samples': None, 'min_impurity_decrease': 0.0, 'min_samples_leaf': 2, 'min_samples_split': 2, 'min_weight_fraction_leaf': 0.0, 'monotonic_cst': None, 'n_estimators': 100, 'n_jobs': None, 'oob_score': False, 'random_state': 42, 'verbose': 0, 'warm_start': False}",1.65086030960083
Coffee,1,5,2,RandomForest,Time_Warping,0.7083333333333334,0.7346967821154529,"{'bootstrap': True, 'ccp_alpha': 0.0, 'class_weight': None, 'criterion': 'gini', 'max_depth': 10, 'max_features': 'sqrt', 'max_leaf_nodes': None, 'max_samples': None, 'min_impurity_decrease': 0.0, 'min_samples_leaf': 2, 'min_samples_split': 2, 'min_weight_fraction_leaf': 0.0, 'monotonic_cst': None, 'n_estimators': 100, 'n_jobs': None, 'oob_score': False, 'random_state': 42, 'verbose': 0, 'warm_start': False}",0.33150506019592285
Coffee,1,5,3,RandomForest,Time_Warping,0.5966666666666667,0.6315465948367762,"{'bootstrap': True, 'ccp_alpha': 0.0, 'class_weight': None, 'criterion': 'gini', 'max_depth': 10, 'max_features': 'sqrt', 'max_leaf_nodes': None, 'max_samples': None, 'min_impurity_decrease': 0.0, 'min_samples_leaf': 2, 'min_samples_split': 2, 'min_weight_fraction_leaf': 0.0, 'monotonic_cst': None, 'n_estimators': 100, 'n_jobs': None, 'oob_score': False, 'random_state': 42, 'verbose': 0, 'warm_start': False}",0.5174288749694824
Coffee,1,5,5,RandomForest,Time_Warping,0.6033333333333334,0.6399156731021405,"{'bootstrap': True, 'ccp_alpha': 0.0, 'class_weight': None, 'criterion': 'gini', 'max_depth': 10, 'max_features': 'sqrt', 'max_leaf_nodes': None, 'max_samples': None, 'min_impurity_decrease': 0.0, 'min_samples_leaf': 2, 'min_samples_split': 2, 'min_weight_fraction_leaf': 0.0, 'monotonic_cst': None, 'n_estimators': 100, 'n_jobs': None, 'oob_score': False, 'random_state': 42, 'verbose': 0, 'warm_start': False}",0.7809090614318848
Coffee,1,5,10,RandomForest,Time_Warping,0.6233333333333333,0.6567796179311047,"{'bootstrap': True, 'ccp_alpha': 0.0, 'class_weight': None, 'criterion': 'gini', 'max_depth': 10, 'max_features': 'sqrt', 'max_leaf_nodes': None, 'max_samples': None, 'min_impurity_decrease': 0.0, 'min_samples_leaf': 2, 'min_samples_split': 2, 'min_weight_fraction_leaf': 0.0, 'monotonic_cst': None, 'n_estimators': 100, 'n_jobs': None, 'oob_score': False, 'random_state': 42, 'verbose': 0, 'warm_start': False}",1.5213065147399902
Coffee,1,5,2,RandomForest,SMOTE,0.755,0.7754044726394956,"{'bootstrap': True, 'ccp_alpha': 0.0, 'class_weight': None, 'criterion': 'gini', 'max_depth': 10, 'max_features': 'sqrt', 'max_leaf_nodes': None, 'max_samples': None, 'min_impurity_decrease': 0.0, 'min_samples_leaf': 2, 'min_samples_split': 2, 'min_weight_fraction_leaf': 0.0, 'monotonic_cst': None, 'n_estimators': 100, 'n_jobs': None, 'oob_score': False, 'random_state': 42, 'verbose': 0, 'warm_start': False}",0.31802940368652344
Coffee,1,5,3,RandomForest,SMOTE,0.6683333333333333,0.690675353167602,"{'bootstrap': True, 'ccp_alpha': 0.0, 'class_weight': None, 'criterion': 'gini', 'max_depth': 10, 'max_features': 'sqrt', 'max_leaf_nodes': None, 'max_samples': None, 'min_impurity_decrease': 0.0, 'min_samples_leaf': 2, 'min_samples_split': 2, 'min_weight_fraction_leaf': 0.0, 'monotonic_cst': None, 'n_estimators': 100, 'n_jobs': None, 'oob_score': False, 'random_state': 42, 'verbose': 0, 'warm_start': False}",0.4900834560394287
Coffee,1,5,5,RandomForest,SMOTE,0.6833333333333333,0.6985994848450311,"{'bootstrap': True, 'ccp_alpha': 0.0, 'class_weight': None, 'criterion': 'gini', 'max_depth': 10, 'max_features': 'sqrt', 'max_leaf_nodes': None, 'max_samples': None, 'min_impurity_decrease': 0.0, 'min_samples_leaf': 2, 'min_samples_split': 2, 'min_weight_fraction_leaf': 0.0, 'monotonic_cst': None, 'n_estimators': 100, 'n_jobs': None, 'oob_score': False, 'random_state': 42, 'verbose': 0, 'warm_start': False}",0.7973401546478271
Coffee,1,5,10,RandomForest,SMOTE,0.6766666666666666,0.6907099437462734,"{'bootstrap': True, 'ccp_alpha': 0.0, 'class_weight': None, 'criterion': 'gini', 'max_depth': 10, 'max_features': 'sqrt', 'max_leaf_nodes': None, 'max_samples': None, 'min_impurity_decrease': 0.0, 'min_samples_leaf': 2, 'min_samples_split': 2, 'min_weight_fraction_leaf': 0.0, 'monotonic_cst': None, 'n_estimators': 100, 'n_jobs': None, 'oob_score': False, 'random_state': 42, 'verbose': 0, 'warm_start': False}",1.6645276546478271
Coffee,1,5,2,RandomForest,Mixup,0.7366666666666667,0.7557247321513688,"{'bootstrap': True, 'ccp_alpha': 0.0, 'class_weight': None, 'criterion': 'gini', 'max_depth': 10, 'max_features': 'sqrt', 'max_leaf_nodes': None, 'max_samples': None, 'min_impurity_decrease': 0.0, 'min_samples_leaf': 2, 'min_samples_split': 2, 'min_weight_fraction_leaf': 0.0, 'monotonic_cst': None, 'n_estimators': 100, 'n_jobs': None, 'oob_score': False, 'random_state': 42, 'verbose': 0, 'warm_start': False}",0.32138824462890625
Coffee,1,5,3,RandomForest,Mixup,0.7316666666666667,0.7502701225593921,"{'bootstrap': True, 'ccp_alpha': 0.0, 'class_weight': None, 'criterion': 'gini', 'max_depth': 10, 'max_features': 'sqrt', 'max_leaf_nodes': None, 'max_samples': None, 'min_impurity_decrease': 0.0, 'min_samples_leaf': 2, 'min_samples_split': 2, 'min_weight_fraction_leaf': 0.0, 'monotonic_cst': None, 'n_estimators': 100, 'n_jobs': None, 'oob_score': False, 'random_state': 42, 'verbose': 0, 'warm_start': False}",0.40390706062316895
Coffee,1,5,5,RandomForest,Mixup,0.57,0.6006398597876929,"{'bootstrap': True, 'ccp_alpha': 0.0, 'class_weight': None, 'criterion': 'gini', 'max_depth': 10, 'max_features': 'sqrt', 'max_leaf_nodes': None, 'max_samples': None, 'min_impurity_decrease': 0.0, 'min_samples_leaf': 2, 'min_samples_split': 2, 'min_weight_fraction_leaf': 0.0, 'monotonic_cst': None, 'n_estimators': 100, 'n_jobs': None, 'oob_score': False, 'random_state': 42, 'verbose': 0, 'warm_start': False}",0.6726300716400146
Coffee,1,5,10,RandomForest,Mixup,0.6916666666666667,0.6979025889057581,"{'bootstrap': True, 'ccp_alpha': 0.0, 'class_weight': None, 'criterion': 'gini', 'max_depth': 10, 'max_features': 'sqrt', 'max_leaf_nodes': None, 'max_samples': None, 'min_impurity_decrease': 0.0, 'min_samples_leaf': 2, 'min_samples_split': 2, 'min_weight_fraction_leaf': 0.0, 'monotonic_cst': None, 'n_estimators': 100, 'n_jobs': None, 'oob_score': False, 'random_state': 42, 'verbose': 0, 'warm_start': False}",1.2972133159637451
Coffee,1,5,2,RandomForest,GMM,0.815,0.8258579072294705,"{'bootstrap': True, 'ccp_alpha': 0.0, 'class_weight': None, 'criterion': 'gini', 'max_depth': 10, 'max_features': 'sqrt', 'max_leaf_nodes': None, 'max_samples': None, 'min_impurity_decrease': 0.0, 'min_samples_leaf': 2, 'min_samples_split': 2, 'min_weight_fraction_leaf': 0.0, 'monotonic_cst': None, 'n_estimators': 100, 'n_jobs': None, 'oob_score': False, 'random_state': 42, 'verbose': 0, 'warm_start': False}",0.4977405071258545
Coffee,1,5,3,RandomForest,GMM,0.795,0.8061322384331233,"{'bootstrap': True, 'ccp_alpha': 0.0, 'class_weight': None, 'criterion': 'gini', 'max_depth': 10, 'max_features': 'sqrt', 'max_leaf_nodes': None, 'max_samples': None, 'min_impurity_decrease': 0.0, 'min_samples_leaf': 2, 'min_samples_split': 2, 'min_weight_fraction_leaf': 0.0, 'monotonic_cst': None, 'n_estimators': 100, 'n_jobs': None, 'oob_score': False, 'random_state': 42, 'verbose': 0, 'warm_start': False}",0.7224869728088379
Coffee,1,5,5,RandomForest,GMM,0.81,0.8192000338781886,"{'bootstrap': True, 'ccp_alpha': 0.0, 'class_weight': None, 'criterion': 'gini', 'max_depth': 10, 'max_features': 'sqrt', 'max_leaf_nodes': None, 'max_samples': None, 'min_impurity_decrease': 0.0, 'min_samples_leaf': 2, 'min_samples_split': 2, 'min_weight_fraction_leaf': 0.0, 'monotonic_cst': None, 'n_estimators': 100, 'n_jobs': None, 'oob_score': False, 'random_state': 42, 'verbose': 0, 'warm_start': False}",0.9414217472076416
Coffee,1,5,10,RandomForest,GMM,0.7716666666666666,0.7830011243548066,"{'bootstrap': True, 'ccp_alpha': 0.0, 'class_weight': None, 'criterion': 'gini', 'max_depth': 10, 'max_features': 'sqrt', 'max_leaf_nodes': None, 'max_samples': None, 'min_impurity_decrease': 0.0, 'min_samples_leaf': 2, 'min_samples_split': 2, 'min_weight_fraction_leaf': 0.0, 'monotonic_cst': None, 'n_estimators': 100, 'n_jobs': None, 'oob_score': False, 'random_state': 42, 'verbose': 0, 'warm_start': False}",1.4089937210083008
Coffee,1,5,2,RandomForest,HMM_GMM,0.6383333333333333,0.662643076554622,"{'bootstrap': True, 'ccp_alpha': 0.0, 'class_weight': None, 'criterion': 'gini', 'max_depth': 10, 'max_features': 'sqrt', 'max_leaf_nodes': None, 'max_samples': None, 'min_impurity_decrease': 0.0, 'min_samples_leaf': 2, 'min_samples_split': 2, 'min_weight_fraction_leaf': 0.0, 'monotonic_cst': None, 'n_estimators': 100, 'n_jobs': None, 'oob_score': False, 'random_state': 42, 'verbose': 0, 'warm_start': False}",0.40943312644958496
Coffee,1,5,3,RandomForest,HMM_GMM,0.68,0.7095023011401692,"{'bootstrap': True, 'ccp_alpha': 0.0, 'class_weight': None, 'criterion': 'gini', 'max_depth': 10, 'max_features': 'sqrt', 'max_leaf_nodes': None, 'max_samples': None, 'min_impurity_decrease': 0.0, 'min_samples_leaf': 2, 'min_samples_split': 2, 'min_weight_fraction_leaf': 0.0, 'monotonic_cst': None, 'n_estimators': 100, 'n_jobs': None, 'oob_score': False, 'random_state': 42, 'verbose': 0, 'warm_start': False}",0.500664472579956
Coffee,1,5,5,RandomForest,HMM_GMM,0.6566666666666666,0.686484495137128,"{'bootstrap': True, 'ccp_alpha': 0.0, 'class_weight': None, 'criterion': 'gini', 'max_depth': 10, 'max_features': 'sqrt', 'max_leaf_nodes': None, 'max_samples': None, 'min_impurity_decrease': 0.0, 'min_samples_leaf': 2, 'min_samples_split': 2, 'min_weight_fraction_leaf': 0.0, 'monotonic_cst': None, 'n_estimators': 100, 'n_jobs': None, 'oob_score': False, 'random_state': 42, 'verbose': 0, 'warm_start': False}",0.667945146560669
Coffee,1,5,10,RandomForest,HMM_GMM,0.6316666666666667,0.6618908581129049,"{'bootstrap': True, 'ccp_alpha': 0.0, 'class_weight': None, 'criterion': 'gini', 'max_depth': 10, 'max_features': 'sqrt', 'max_leaf_nodes': None, 'max_samples': None, 'min_impurity_decrease': 0.0, 'min_samples_leaf': 2, 'min_samples_split': 2, 'min_weight_fraction_leaf': 0.0, 'monotonic_cst': None, 'n_estimators': 100, 'n_jobs': None, 'oob_score': False, 'random_state': 42, 'verbose': 0, 'warm_start': False}",1.023245096206665
Coffee,1,5,1,LinearSVC,Baseline,0.8883333333333333,0.8870579320467302,"{'C': 1.0, 'class_weight': None, 'dual': 'auto', 'fit_intercept': True, 'intercept_scaling': 1, 'loss': 'squared_hinge', 'max_iter': 10000, 'multi_class': 'ovr', 'penalty': 'l2', 'random_state': 42, 'tol': 0.0001, 'verbose': 0}",0.004044294357299805
Coffee,1,5,1,LinearSVC,Tuned_Baseline,0.8883333333333333,0.8870579320467302,"{'C': np.float64(1.0), 'class_weight': None, 'dual': False, 'fit_intercept': True, 'intercept_scaling': 1, 'loss': 'squared_hinge', 'max_iter': 10000, 'multi_class': 'ovr', 'penalty': 'l2', 'random_state': 42, 'tol': 0.0001, 'verbose': 0}",0.000247955322265625
Coffee,1,5,2,LinearSVC,Jittering,0.89,0.8886751628663122,"{'C': np.float64(1.0), 'class_weight': None, 'dual': False, 'fit_intercept': True, 'intercept_scaling': 1, 'loss': 'squared_hinge', 'max_iter': 10000, 'multi_class': 'ovr', 'penalty': 'l2', 'random_state': 42, 'tol': 0.0001, 'verbose': 0}",0.006993293762207031
Coffee,1,5,3,LinearSVC,Jittering,0.8883333333333333,0.8870579320467302,"{'C': np.float64(1.0), 'class_weight': None, 'dual': False, 'fit_intercept': True, 'intercept_scaling': 1, 'loss': 'squared_hinge', 'max_iter': 10000, 'multi_class': 'ovr', 'penalty': 'l2', 'random_state': 42, 'tol': 0.0001, 'verbose': 0}",0.00930023193359375
Coffee,1,5,5,LinearSVC,Jittering,0.89,0.8886751628663122,"{'C': np.float64(1.0), 'class_weight': None, 'dual': False, 'fit_intercept': True, 'intercept_scaling': 1, 'loss': 'squared_hinge', 'max_iter': 10000, 'multi_class': 'ovr', 'penalty': 'l2', 'random_state': 42, 'tol': 0.0001, 'verbose': 0}",0.016464948654174805
Coffee,1,5,10,LinearSVC,Jittering,0.8883333333333333,0.8869187953317776,"{'C': np.float64(1.0), 'class_weight': None, 'dual': False, 'fit_intercept': True, 'intercept_scaling': 1, 'loss': 'squared_hinge', 'max_iter': 10000, 'multi_class': 'ovr', 'penalty': 'l2', 'random_state': 42, 'tol': 0.0001, 'verbose': 0}",0.027544498443603516
Coffee,1,5,2,LinearSVC,Scaling,0.85,0.8503452925479104,"{'C': np.float64(1.0), 'class_weight': None, 'dual': False, 'fit_intercept': True, 'intercept_scaling': 1, 'loss': 'squared_hinge', 'max_iter': 10000, 'multi_class': 'ovr', 'penalty': 'l2', 'random_state': 42, 'tol': 0.0001, 'verbose': 0}",0.007404804229736328
Coffee,1,5,3,LinearSVC,Scaling,0.7816666666666666,0.7815607472303342,"{'C': np.float64(1.0), 'class_weight': None, 'dual': False, 'fit_intercept': True, 'intercept_scaling': 1, 'loss': 'squared_hinge', 'max_iter': 10000, 'multi_class': 'ovr', 'penalty': 'l2', 'random_state': 42, 'tol': 0.0001, 'verbose': 0}",0.008348703384399414
Coffee,1,5,5,LinearSVC,Scaling,0.855,0.855916677278497,"{'C': np.float64(1.0), 'class_weight': None, 'dual': False, 'fit_intercept': True, 'intercept_scaling': 1, 'loss': 'squared_hinge', 'max_iter': 10000, 'multi_class': 'ovr', 'penalty': 'l2', 'random_state': 42, 'tol': 0.0001, 'verbose': 0}",0.012763738632202148
Coffee,1,5,10,LinearSVC,Scaling,0.785,0.7890261087442144,"{'C': np.float64(1.0), 'class_weight': None, 'dual': False, 'fit_intercept': True, 'intercept_scaling': 1, 'loss': 'squared_hinge', 'max_iter': 10000, 'multi_class': 'ovr', 'penalty': 'l2', 'random_state': 42, 'tol': 0.0001, 'verbose': 0}",0.024765491485595703
Coffee,1,5,2,LinearSVC,Magnitude_Warping,0.66,0.6514073480392729,"{'C': np.float64(1.0), 'class_weight': None, 'dual': False, 'fit_intercept': True, 'intercept_scaling': 1, 'loss': 'squared_hinge', 'max_iter': 10000, 'multi_class': 'ovr', 'penalty': 'l2', 'random_state': 42, 'tol': 0.0001, 'verbose': 0}",0.005226612091064453
Coffee,1,5,3,LinearSVC,Magnitude_Warping,0.5966666666666667,0.5978029000548085,"{'C': np.float64(1.0), 'class_weight': None, 'dual': False, 'fit_intercept': True, 'intercept_scaling': 1, 'loss': 'squared_hinge', 'max_iter': 10000, 'multi_class': 'ovr', 'penalty': 'l2', 'random_state': 42, 'tol': 0.0001, 'verbose': 0}",0.006768703460693359
Coffee,1,5,5,LinearSVC,Magnitude_Warping,0.5433333333333333,0.5694291893955555,"{'C': np.float64(1.0), 'class_weight': None, 'dual': False, 'fit_intercept': True, 'intercept_scaling': 1, 'loss': 'squared_hinge', 'max_iter': 10000, 'multi_class': 'ovr', 'penalty': 'l2', 'random_state': 42, 'tol': 0.0001, 'verbose': 0}",0.01187753677368164
Coffee,1,5,10,LinearSVC,Magnitude_Warping,0.515,0.5375955472351005,"{'C': np.float64(1.0), 'class_weight': None, 'dual': False, 'fit_intercept': True, 'intercept_scaling': 1, 'loss': 'squared_hinge', 'max_iter': 10000, 'multi_class': 'ovr', 'penalty': 'l2', 'random_state': 42, 'tol': 0.0001, 'verbose': 0}",0.027794599533081055
Coffee,1,5,2,LinearSVC,Time_Warping,0.5183333333333333,0.5363058933077629,"{'C': np.float64(1.0), 'class_weight': None, 'dual': False, 'fit_intercept': True, 'intercept_scaling': 1, 'loss': 'squared_hinge', 'max_iter': 10000, 'multi_class': 'ovr', 'penalty': 'l2', 'random_state': 42, 'tol': 0.0001, 'verbose': 0}",0.005171775817871094
Coffee,1,5,3,LinearSVC,Time_Warping,0.5533333333333333,0.561666021422119,"{'C': np.float64(1.0), 'class_weight': None, 'dual': False, 'fit_intercept': True, 'intercept_scaling': 1, 'loss': 'squared_hinge', 'max_iter': 10000, 'multi_class': 'ovr', 'penalty': 'l2', 'random_state': 42, 'tol': 0.0001, 'verbose': 0}",0.007068157196044922
Coffee,1,5,5,LinearSVC,Time_Warping,0.5066666666666667,0.526034288943114,"{'C': np.float64(1.0), 'class_weight': None, 'dual': False, 'fit_intercept': True, 'intercept_scaling': 1, 'loss': 'squared_hinge', 'max_iter': 10000, 'multi_class': 'ovr', 'penalty': 'l2', 'random_state': 42, 'tol': 0.0001, 'verbose': 0}",0.012341022491455078
Coffee,1,5,10,LinearSVC,Time_Warping,0.44333333333333336,0.4776240717417188,"{'C': np.float64(1.0), 'class_weight': None, 'dual': False, 'fit_intercept': True, 'intercept_scaling': 1, 'loss': 'squared_hinge', 'max_iter': 10000, 'multi_class': 'ovr', 'penalty': 'l2', 'random_state': 42, 'tol': 0.0001, 'verbose': 0}",0.024191856384277344
Coffee,1,5,2,LinearSVC,SMOTE,0.8633333333333333,0.8629169901636662,"{'C': np.float64(1.0), 'class_weight': None, 'dual': False, 'fit_intercept': True, 'intercept_scaling': 1, 'loss': 'squared_hinge', 'max_iter': 10000, 'multi_class': 'ovr', 'penalty': 'l2', 'random_state': 42, 'tol': 0.0001, 'verbose': 0}",0.005471229553222656
Coffee,1,5,3,LinearSVC,SMOTE,0.885,0.8819789602359603,"{'C': np.float64(1.0), 'class_weight': None, 'dual': False, 'fit_intercept': True, 'intercept_scaling': 1, 'loss': 'squared_hinge', 'max_iter': 10000, 'multi_class': 'ovr', 'penalty': 'l2', 'random_state': 42, 'tol': 0.0001, 'verbose': 0}",0.008963346481323242
Coffee,1,5,5,LinearSVC,SMOTE,0.885,0.8825892024509066,"{'C': np.float64(1.0), 'class_weight': None, 'dual': False, 'fit_intercept': True, 'intercept_scaling': 1, 'loss': 'squared_hinge', 'max_iter': 10000, 'multi_class': 'ovr', 'penalty': 'l2', 'random_state': 42, 'tol': 0.0001, 'verbose': 0}",0.013233184814453125
Coffee,1,5,10,LinearSVC,SMOTE,0.82,0.820884090125183,"{'C': np.float64(1.0), 'class_weight': None, 'dual': False, 'fit_intercept': True, 'intercept_scaling': 1, 'loss': 'squared_hinge', 'max_iter': 10000, 'multi_class': 'ovr', 'penalty': 'l2', 'random_state': 42, 'tol': 0.0001, 'verbose': 0}",0.022243976593017578
Coffee,1,5,2,LinearSVC,Mixup,0.8,0.8016245093117493,"{'C': np.float64(1.0), 'class_weight': None, 'dual': False, 'fit_intercept': True, 'intercept_scaling': 1, 'loss': 'squared_hinge', 'max_iter': 10000, 'multi_class': 'ovr', 'penalty': 'l2', 'random_state': 42, 'tol': 0.0001, 'verbose': 0}",0.005533456802368164
Coffee,1,5,3,LinearSVC,Mixup,0.89,0.8886751628663122,"{'C': np.float64(1.0), 'class_weight': None, 'dual': False, 'fit_intercept': True, 'intercept_scaling': 1, 'loss': 'squared_hinge', 'max_iter': 10000, 'multi_class': 'ovr', 'penalty': 'l2', 'random_state': 42, 'tol': 0.0001, 'verbose': 0}",0.00857400894165039
Coffee,1,5,5,LinearSVC,Mixup,0.885,0.8831955151706941,"{'C': np.float64(1.0), 'class_weight': None, 'dual': False, 'fit_intercept': True, 'intercept_scaling': 1, 'loss': 'squared_hinge', 'max_iter': 10000, 'multi_class': 'ovr', 'penalty': 'l2', 'random_state': 42, 'tol': 0.0001, 'verbose': 0}",0.014029502868652344
Coffee,1,5,10,LinearSVC,Mixup,0.8816666666666667,0.8791255826366347,"{'C': np.float64(1.0), 'class_weight': None, 'dual': False, 'fit_intercept': True, 'intercept_scaling': 1, 'loss': 'squared_hinge', 'max_iter': 10000, 'multi_class': 'ovr', 'penalty': 'l2', 'random_state': 42, 'tol': 0.0001, 'verbose': 0}",0.026429176330566406
Coffee,1,5,2,LinearSVC,GMM,0.6266666666666667,0.6288155481720609,"{'C': np.float64(1.0), 'class_weight': None, 'dual': False, 'fit_intercept': True, 'intercept_scaling': 1, 'loss': 'squared_hinge', 'max_iter': 10000, 'multi_class': 'ovr', 'penalty': 'l2', 'random_state': 42, 'tol': 0.0001, 'verbose': 0}",0.0073816776275634766
Coffee,1,5,3,LinearSVC,GMM,0.5966666666666667,0.5999231116510936,"{'C': np.float64(1.0), 'class_weight': None, 'dual': False, 'fit_intercept': True, 'intercept_scaling': 1, 'loss': 'squared_hinge', 'max_iter': 10000, 'multi_class': 'ovr', 'penalty': 'l2', 'random_state': 42, 'tol': 0.0001, 'verbose': 0}",0.01225900650024414
Coffee,1,5,5,LinearSVC,GMM,0.5816666666666667,0.5862087079773142,"{'C': np.float64(1.0), 'class_weight': None, 'dual': False, 'fit_intercept': True, 'intercept_scaling': 1, 'loss': 'squared_hinge', 'max_iter': 10000, 'multi_class': 'ovr', 'penalty': 'l2', 'random_state': 42, 'tol': 0.0001, 'verbose': 0}",0.020417213439941406
Coffee,1,5,10,LinearSVC,GMM,0.5766666666666667,0.5819392871668503,"{'C': np.float64(1.0), 'class_weight': None, 'dual': False, 'fit_intercept': True, 'intercept_scaling': 1, 'loss': 'squared_hinge', 'max_iter': 10000, 'multi_class': 'ovr', 'penalty': 'l2', 'random_state': 42, 'tol': 0.0001, 'verbose': 0}",0.04539775848388672
Coffee,1,5,2,LinearSVC,HMM_GMM,0.5083333333333333,0.5169929386101003,"{'C': np.float64(1.0), 'class_weight': None, 'dual': False, 'fit_intercept': True, 'intercept_scaling': 1, 'loss': 'squared_hinge', 'max_iter': 10000, 'multi_class': 'ovr', 'penalty': 'l2', 'random_state': 42, 'tol': 0.0001, 'verbose': 0}",0.007319450378417969
Coffee,1,5,3,LinearSVC,HMM_GMM,0.5083333333333333,0.5210217613810542,"{'C': np.float64(1.0), 'class_weight': None, 'dual': False, 'fit_intercept': True, 'intercept_scaling': 1, 'loss': 'squared_hinge', 'max_iter': 10000, 'multi_class': 'ovr', 'penalty': 'l2', 'random_state': 42, 'tol': 0.0001, 'verbose': 0}",0.011823177337646484
Coffee,1,5,5,LinearSVC,HMM_GMM,0.5083333333333333,0.5243117823473278,"{'C': np.float64(1.0), 'class_weight': None, 'dual': False, 'fit_intercept': True, 'intercept_scaling': 1, 'loss': 'squared_hinge', 'max_iter': 10000, 'multi_class': 'ovr', 'penalty': 'l2', 'random_state': 42, 'tol': 0.0001, 'verbose': 0}",0.02283763885498047
Coffee,1,5,10,LinearSVC,HMM_GMM,0.5133333333333333,0.5305733907410086,"{'C': np.float64(1.0), 'class_weight': None, 'dual': False, 'fit_intercept': True, 'intercept_scaling': 1, 'loss': 'squared_hinge', 'max_iter': 10000, 'multi_class': 'ovr', 'penalty': 'l2', 'random_state': 42, 'tol': 0.0001, 'verbose': 0}",0.04581904411315918
Coffee,1,5,1,LogisticRegression,Baseline,0.7633333333333333,0.7645429877042393,"{'C': 1.0, 'class_weight': None, 'dual': False, 'fit_intercept': True, 'intercept_scaling': 1, 'l1_ratio': None, 'max_iter': 10000, 'multi_class': 'deprecated', 'n_jobs': None, 'penalty': 'l2', 'random_state': 42, 'solver': 'lbfgs', 'tol': 0.0001, 'verbose': 0, 'warm_start': False}",0.00944662094116211
Coffee,1,5,1,LogisticRegression,Tuned_Baseline,0.905,0.903607116743846,"{'C': np.float64(10.0), 'class_weight': None, 'dual': False, 'fit_intercept': True, 'intercept_scaling': 1, 'l1_ratio': None, 'max_iter': 10000, 'multi_class': 'deprecated', 'n_jobs': None, 'penalty': 'l2', 'random_state': 42, 'solver': 'lbfgs', 'tol': 0.0001, 'verbose': 0, 'warm_start': False}",0.00023603439331054688
Coffee,1,5,2,LogisticRegression,Jittering,0.91,0.9084942084942085,"{'C': np.float64(10.0), 'class_weight': None, 'dual': False, 'fit_intercept': True, 'intercept_scaling': 1, 'l1_ratio': None, 'max_iter': 10000, 'multi_class': 'deprecated', 'n_jobs': None, 'penalty': 'l2', 'random_state': 42, 'solver': 'lbfgs', 'tol': 0.0001, 'verbose': 0, 'warm_start': False}",0.020045995712280273
Coffee,1,5,3,LogisticRegression,Jittering,0.91,0.9086192726525579,"{'C': np.float64(10.0), 'class_weight': None, 'dual': False, 'fit_intercept': True, 'intercept_scaling': 1, 'l1_ratio': None, 'max_iter': 10000, 'multi_class': 'deprecated', 'n_jobs': None, 'penalty': 'l2', 'random_state': 42, 'solver': 'lbfgs', 'tol': 0.0001, 'verbose': 0, 'warm_start': False}",0.030858278274536133
Coffee,1,5,5,LogisticRegression,Jittering,0.91,0.9084942084942085,"{'C': np.float64(10.0), 'class_weight': None, 'dual': False, 'fit_intercept': True, 'intercept_scaling': 1, 'l1_ratio': None, 'max_iter': 10000, 'multi_class': 'deprecated', 'n_jobs': None, 'penalty': 'l2', 'random_state': 42, 'solver': 'lbfgs', 'tol': 0.0001, 'verbose': 0, 'warm_start': False}",0.039878129959106445
Coffee,1,5,10,LogisticRegression,Jittering,0.9083333333333333,0.9066014954091713,"{'C': np.float64(10.0), 'class_weight': None, 'dual': False, 'fit_intercept': True, 'intercept_scaling': 1, 'l1_ratio': None, 'max_iter': 10000, 'multi_class': 'deprecated', 'n_jobs': None, 'penalty': 'l2', 'random_state': 42, 'solver': 'lbfgs', 'tol': 0.0001, 'verbose': 0, 'warm_start': False}",0.08132529258728027
Coffee,1,5,2,LogisticRegression,Scaling,0.8116666666666666,0.8131856051485545,"{'C': np.float64(10.0), 'class_weight': None, 'dual': False, 'fit_intercept': True, 'intercept_scaling': 1, 'l1_ratio': None, 'max_iter': 10000, 'multi_class': 'deprecated', 'n_jobs': None, 'penalty': 'l2', 'random_state': 42, 'solver': 'lbfgs', 'tol': 0.0001, 'verbose': 0, 'warm_start': False}",0.014473438262939453
Coffee,1,5,3,LogisticRegression,Scaling,0.9,0.8984758915973337,"{'C': np.float64(10.0), 'class_weight': None, 'dual': False, 'fit_intercept': True, 'intercept_scaling': 1, 'l1_ratio': None, 'max_iter': 10000, 'multi_class': 'deprecated', 'n_jobs': None, 'penalty': 'l2', 'random_state': 42, 'solver': 'lbfgs', 'tol': 0.0001, 'verbose': 0, 'warm_start': False}",0.024850845336914062
Coffee,1,5,5,LogisticRegression,Scaling,0.8266666666666667,0.8272244152496413,"{'C': np.float64(10.0), 'class_weight': None, 'dual': False, 'fit_intercept': True, 'intercept_scaling': 1, 'l1_ratio': None, 'max_iter': 10000, 'multi_class': 'deprecated', 'n_jobs': None, 'penalty': 'l2', 'random_state': 42, 'solver': 'lbfgs', 'tol': 0.0001, 'verbose': 0, 'warm_start': False}",0.03990006446838379
Coffee,1,5,10,LogisticRegression,Scaling,0.7916666666666666,0.7914305293681273,"{'C': np.float64(10.0), 'class_weight': None, 'dual': False, 'fit_intercept': True, 'intercept_scaling': 1, 'l1_ratio': None, 'max_iter': 10000, 'multi_class': 'deprecated', 'n_jobs': None, 'penalty': 'l2', 'random_state': 42, 'solver': 'lbfgs', 'tol': 0.0001, 'verbose': 0, 'warm_start': False}",0.05627751350402832
Coffee,1,5,2,LogisticRegression,Magnitude_Warping,0.6933333333333334,0.70446249637847,"{'C': np.float64(10.0), 'class_weight': None, 'dual': False, 'fit_intercept': True, 'intercept_scaling': 1, 'l1_ratio': None, 'max_iter': 10000, 'multi_class': 'deprecated', 'n_jobs': None, 'penalty': 'l2', 'random_state': 42, 'solver': 'lbfgs', 'tol': 0.0001, 'verbose': 0, 'warm_start': False}",0.011351823806762695
Coffee,1,5,3,LogisticRegression,Magnitude_Warping,0.6983333333333334,0.6925925818503447,"{'C': np.float64(10.0), 'class_weight': None, 'dual': False, 'fit_intercept': True, 'intercept_scaling': 1, 'l1_ratio': None, 'max_iter': 10000, 'multi_class': 'deprecated', 'n_jobs': None, 'penalty': 'l2', 'random_state': 42, 'solver': 'lbfgs', 'tol': 0.0001, 'verbose': 0, 'warm_start': False}",0.01482248306274414
Coffee,1,5,5,LogisticRegression,Magnitude_Warping,0.695,0.6955052946099343,"{'C': np.float64(10.0), 'class_weight': None, 'dual': False, 'fit_intercept': True, 'intercept_scaling': 1, 'l1_ratio': None, 'max_iter': 10000, 'multi_class': 'deprecated', 'n_jobs': None, 'penalty': 'l2', 'random_state': 42, 'solver': 'lbfgs', 'tol': 0.0001, 'verbose': 0, 'warm_start': False}",0.020986318588256836
Coffee,1,5,10,LogisticRegression,Magnitude_Warping,0.61,0.6155282214035458,"{'C': np.float64(10.0), 'class_weight': None, 'dual': False, 'fit_intercept': True, 'intercept_scaling': 1, 'l1_ratio': None, 'max_iter': 10000, 'multi_class': 'deprecated', 'n_jobs': None, 'penalty': 'l2', 'random_state': 42, 'solver': 'lbfgs', 'tol': 0.0001, 'verbose': 0, 'warm_start': False}",0.03611564636230469
Coffee,1,5,2,LogisticRegression,Time_Warping,0.6483333333333333,0.6237673988366129,"{'C': np.float64(10.0), 'class_weight': None, 'dual': False, 'fit_intercept': True, 'intercept_scaling': 1, 'l1_ratio': None, 'max_iter': 10000, 'multi_class': 'deprecated', 'n_jobs': None, 'penalty': 'l2', 'random_state': 42, 'solver': 'lbfgs', 'tol': 0.0001, 'verbose': 0, 'warm_start': False}",0.01140451431274414
Coffee,1,5,3,LogisticRegression,Time_Warping,0.6016666666666667,0.6058492193521539,"{'C': np.float64(10.0), 'class_weight': None, 'dual': False, 'fit_intercept': True, 'intercept_scaling': 1, 'l1_ratio': None, 'max_iter': 10000, 'multi_class': 'deprecated', 'n_jobs': None, 'penalty': 'l2', 'random_state': 42, 'solver': 'lbfgs', 'tol': 0.0001, 'verbose': 0, 'warm_start': False}",0.010868549346923828
Coffee,1,5,5,LogisticRegression,Time_Warping,0.6366666666666667,0.6266169576922096,"{'C': np.float64(10.0), 'class_weight': None, 'dual': False, 'fit_intercept': True, 'intercept_scaling': 1, 'l1_ratio': None, 'max_iter': 10000, 'multi_class': 'deprecated', 'n_jobs': None, 'penalty': 'l2', 'random_state': 42, 'solver': 'lbfgs', 'tol': 0.0001, 'verbose': 0, 'warm_start': False}",0.014182567596435547
Coffee,1,5,10,LogisticRegression,Time_Warping,0.6,0.5829862334680986,"{'C': np.float64(10.0), 'class_weight': None, 'dual': False, 'fit_intercept': True, 'intercept_scaling': 1, 'l1_ratio': None, 'max_iter': 10000, 'multi_class': 'deprecated', 'n_jobs': None, 'penalty': 'l2', 'random_state': 42, 'solver': 'lbfgs', 'tol': 0.0001, 'verbose': 0, 'warm_start': False}",0.021020889282226562
Coffee,1,5,2,LogisticRegression,SMOTE,0.8716666666666667,0.8712637269738267,"{'C': np.float64(10.0), 'class_weight': None, 'dual': False, 'fit_intercept': True, 'intercept_scaling': 1, 'l1_ratio': None, 'max_iter': 10000, 'multi_class': 'deprecated', 'n_jobs': None, 'penalty': 'l2', 'random_state': 42, 'solver': 'lbfgs', 'tol': 0.0001, 'verbose': 0, 'warm_start': False}",0.015716552734375
Coffee,1,5,3,LogisticRegression,SMOTE,0.8983333333333333,0.8956099806433718,"{'C': np.float64(10.0), 'class_weight': None, 'dual': False, 'fit_intercept': True, 'intercept_scaling': 1, 'l1_ratio': None, 'max_iter': 10000, 'multi_class': 'deprecated', 'n_jobs': None, 'penalty': 'l2', 'random_state': 42, 'solver': 'lbfgs', 'tol': 0.0001, 'verbose': 0, 'warm_start': False}",0.025560617446899414
Coffee,1,5,5,LogisticRegression,SMOTE,0.9066666666666666,0.9046927914852444,"{'C': np.float64(10.0), 'class_weight': None, 'dual': False, 'fit_intercept': True, 'intercept_scaling': 1, 'l1_ratio': None, 'max_iter': 10000, 'multi_class': 'deprecated', 'n_jobs': None, 'penalty': 'l2', 'random_state': 42, 'solver': 'lbfgs', 'tol': 0.0001, 'verbose': 0, 'warm_start': False}",0.0351414680480957
Coffee,1,5,10,LogisticRegression,SMOTE,0.8966666666666666,0.8952207662036642,"{'C': np.float64(10.0), 'class_weight': None, 'dual': False, 'fit_intercept': True, 'intercept_scaling': 1, 'l1_ratio': None, 'max_iter': 10000, 'multi_class': 'deprecated', 'n_jobs': None, 'penalty': 'l2', 'random_state': 42, 'solver': 'lbfgs', 'tol': 0.0001, 'verbose': 0, 'warm_start': False}",0.060765981674194336
Coffee,1,5,2,LogisticRegression,Mixup,0.91,0.9084942084942085,"{'C': np.float64(10.0), 'class_weight': None, 'dual': False, 'fit_intercept': True, 'intercept_scaling': 1, 'l1_ratio': None, 'max_iter': 10000, 'multi_class': 'deprecated', 'n_jobs': None, 'penalty': 'l2', 'random_state': 42, 'solver': 'lbfgs', 'tol': 0.0001, 'verbose': 0, 'warm_start': False}",0.023412466049194336
Coffee,1,5,3,LogisticRegression,Mixup,0.91,0.9084942084942085,"{'C': np.float64(10.0), 'class_weight': None, 'dual': False, 'fit_intercept': True, 'intercept_scaling': 1, 'l1_ratio': None, 'max_iter': 10000, 'multi_class': 'deprecated', 'n_jobs': None, 'penalty': 'l2', 'random_state': 42, 'solver': 'lbfgs', 'tol': 0.0001, 'verbose': 0, 'warm_start': False}",0.026877164840698242
Coffee,1,5,5,LogisticRegression,Mixup,0.9083333333333333,0.9064646028835436,"{'C': np.float64(10.0), 'class_weight': None, 'dual': False, 'fit_intercept': True, 'intercept_scaling': 1, 'l1_ratio': None, 'max_iter': 10000, 'multi_class': 'deprecated', 'n_jobs': None, 'penalty': 'l2', 'random_state': 42, 'solver': 'lbfgs', 'tol': 0.0001, 'verbose': 0, 'warm_start': False}",0.04073524475097656
Coffee,1,5,10,LogisticRegression,Mixup,0.9033333333333333,0.9009837962962964,"{'C': np.float64(10.0), 'class_weight': None, 'dual': False, 'fit_intercept': True, 'intercept_scaling': 1, 'l1_ratio': None, 'max_iter': 10000, 'multi_class': 'deprecated', 'n_jobs': None, 'penalty': 'l2', 'random_state': 42, 'solver': 'lbfgs', 'tol': 0.0001, 'verbose': 0, 'warm_start': False}",0.08373284339904785
Coffee,1,5,2,LogisticRegression,GMM,0.705,0.6945710273543798,"{'C': np.float64(10.0), 'class_weight': None, 'dual': False, 'fit_intercept': True, 'intercept_scaling': 1, 'l1_ratio': None, 'max_iter': 10000, 'multi_class': 'deprecated', 'n_jobs': None, 'penalty': 'l2', 'random_state': 42, 'solver': 'lbfgs', 'tol': 0.0001, 'verbose': 0, 'warm_start': False}",0.01720404624938965
Coffee,1,5,3,LogisticRegression,GMM,0.6933333333333334,0.6792553710876209,"{'C': np.float64(10.0), 'class_weight': None, 'dual': False, 'fit_intercept': True, 'intercept_scaling': 1, 'l1_ratio': None, 'max_iter': 10000, 'multi_class': 'deprecated', 'n_jobs': None, 'penalty': 'l2', 'random_state': 42, 'solver': 'lbfgs', 'tol': 0.0001, 'verbose': 0, 'warm_start': False}",0.026078224182128906
Coffee,1,5,5,LogisticRegression,GMM,0.67,0.6508724942063111,"{'C': np.float64(10.0), 'class_weight': None, 'dual': False, 'fit_intercept': True, 'intercept_scaling': 1, 'l1_ratio': None, 'max_iter': 10000, 'multi_class': 'deprecated', 'n_jobs': None, 'penalty': 'l2', 'random_state': 42, 'solver': 'lbfgs', 'tol': 0.0001, 'verbose': 0, 'warm_start': False}",0.03795361518859863
Coffee,1,5,10,LogisticRegression,GMM,0.6616666666666666,0.6406940504282093,"{'C': np.float64(10.0), 'class_weight': None, 'dual': False, 'fit_intercept': True, 'intercept_scaling': 1, 'l1_ratio': None, 'max_iter': 10000, 'multi_class': 'deprecated', 'n_jobs': None, 'penalty': 'l2', 'random_state': 42, 'solver': 'lbfgs', 'tol': 0.0001, 'verbose': 0, 'warm_start': False}",0.06506013870239258
Coffee,1,5,2,LogisticRegression,HMM_GMM,0.63,0.6049475233516708,"{'C': np.float64(10.0), 'class_weight': None, 'dual': False, 'fit_intercept': True, 'intercept_scaling': 1, 'l1_ratio': None, 'max_iter': 10000, 'multi_class': 'deprecated', 'n_jobs': None, 'penalty': 'l2', 'random_state': 42, 'solver': 'lbfgs', 'tol': 0.0001, 'verbose': 0, 'warm_start': False}",0.009418249130249023
Coffee,1,5,3,LogisticRegression,HMM_GMM,0.6316666666666667,0.607436462542198,"{'C': np.float64(10.0), 'class_weight': None, 'dual': False, 'fit_intercept': True, 'intercept_scaling': 1, 'l1_ratio': None, 'max_iter': 10000, 'multi_class': 'deprecated', 'n_jobs': None, 'penalty': 'l2', 'random_state': 42, 'solver': 'lbfgs', 'tol': 0.0001, 'verbose': 0, 'warm_start': False}",0.01408696174621582
Coffee,1,5,5,LogisticRegression,HMM_GMM,0.6333333333333333,0.6089496006863139,"{'C': np.float64(10.0), 'class_weight': None, 'dual': False, 'fit_intercept': True, 'intercept_scaling': 1, 'l1_ratio': None, 'max_iter': 10000, 'multi_class': 'deprecated', 'n_jobs': None, 'penalty': 'l2', 'random_state': 42, 'solver': 'lbfgs', 'tol': 0.0001, 'verbose': 0, 'warm_start': False}",0.022854089736938477
Coffee,1,5,10,LogisticRegression,HMM_GMM,0.6316666666666667,0.6063825872988798,"{'C': np.float64(10.0), 'class_weight': None, 'dual': False, 'fit_intercept': True, 'intercept_scaling': 1, 'l1_ratio': None, 'max_iter': 10000, 'multi_class': 'deprecated', 'n_jobs': None, 'penalty': 'l2', 'random_state': 42, 'solver': 'lbfgs', 'tol': 0.0001, 'verbose': 0, 'warm_start': False}",0.05510878562927246
