Dataset,Fold,SeedsPerLabel,SeedFoldSelection,ScaleFactor,Model,Method,GenParamSetIndex,GenParams,Accuracy,F1_Score,Hyperparameters,ExecutionTime_Sec
Plant_oil,1,20,1,1,KNN,Baseline,N/A,N/A,0.95,0.9496072501800344,"{'algorithm': 'auto', 'leaf_size': 30, 'metric': 'minkowski', 'metric_params': None, 'n_jobs': None, 'n_neighbors': 5, 'p': 2, 'weights': 'uniform'}",0.6516234874725342
Plant_oil,1,20,1,1,KNN,Tuned_Baseline,N/A,N/A,0.9516541353383459,0.9511882272314052,"{'algorithm': 'auto', 'leaf_size': 30, 'metric': 'minkowski', 'metric_params': None, 'n_jobs': None, 'n_neighbors': np.int64(5), 'p': 3, 'weights': 'distance'}",0.30939316749572754
Plant_oil,1,20,1,1,RandomForest,Baseline,N/A,N/A,0.9472932330827067,0.9468034149807641,"{'bootstrap': True, 'ccp_alpha': 0.0, 'class_weight': None, 'criterion': 'gini', 'max_depth': None, 'max_features': 'sqrt', 'max_leaf_nodes': None, 'max_samples': None, 'min_impurity_decrease': 0.0, 'min_samples_leaf': 1, 'min_samples_split': 2, 'min_weight_fraction_leaf': 0.0, 'monotonic_cst': None, 'n_estimators': 100, 'n_jobs': None, 'oob_score': False, 'random_state': 42, 'verbose': 0, 'warm_start': False}",8.535982847213745
Plant_oil,1,20,1,1,RandomForest,Tuned_Baseline,N/A,N/A,0.9478947368421052,0.9474826402247626,"{'bootstrap': True, 'ccp_alpha': 0.0, 'class_weight': None, 'criterion': 'gini', 'max_depth': 20, 'max_features': 'sqrt', 'max_leaf_nodes': None, 'max_samples': None, 'min_impurity_decrease': 0.0, 'min_samples_leaf': 1, 'min_samples_split': 2, 'min_weight_fraction_leaf': 0.0, 'monotonic_cst': None, 'n_estimators': 100, 'n_jobs': None, 'oob_score': False, 'random_state': 42, 'verbose': 0, 'warm_start': False}",0.10081839561462402
Plant_oil,1,20,1,1,LinearSVC,Baseline,N/A,N/A,0.7458646616541353,0.7347401754437338,"{'C': 1.0, 'class_weight': None, 'dual': False, 'fit_intercept': True, 'intercept_scaling': 1, 'loss': 'squared_hinge', 'max_iter': 100, 'multi_class': 'ovr', 'penalty': 'l2', 'random_state': 42, 'tol': 0.0001, 'verbose': 0}",0.5156261920928955
Plant_oil,1,20,1,1,LinearSVC,Tuned_Baseline,N/A,N/A,0.7463157894736843,0.7354016433786758,"{'C': np.float64(1000.0), 'class_weight': 'balanced', 'dual': False, 'fit_intercept': True, 'intercept_scaling': 1, 'loss': 'squared_hinge', 'max_iter': 100, 'multi_class': 'ovr', 'penalty': 'l2', 'random_state': 42, 'tol': 0.001, 'verbose': 0}",0.0048215389251708984
Plant_oil,1,20,1,1,LogisticRegression,Baseline,N/A,N/A,0.8194736842105264,0.8186518765240839,"{'C': 1.0, 'class_weight': None, 'dual': False, 'fit_intercept': True, 'intercept_scaling': 1, 'l1_ratio': None, 'max_iter': 100, 'multi_class': 'deprecated', 'n_jobs': None, 'penalty': 'l2', 'random_state': 42, 'solver': 'lbfgs', 'tol': 0.0001, 'verbose': 0, 'warm_start': False}",7.143225193023682
Plant_oil,1,20,1,1,LogisticRegression,Tuned_Baseline,N/A,N/A,0.8416541353383459,0.841374713697083,"{'C': np.float64(1000.0), 'class_weight': 'balanced', 'dual': False, 'fit_intercept': True, 'intercept_scaling': 1, 'l1_ratio': None, 'max_iter': 100, 'multi_class': 'deprecated', 'n_jobs': None, 'penalty': 'l2', 'random_state': 42, 'solver': 'sag', 'tol': 0.0001, 'verbose': 0, 'warm_start': False}",0.0017724037170410156
Plant_oil,1,20,1,1,RNN,Baseline,N/A,N/A,0.518796992481203,0.4121674764256392,"{'hidden_size': 64, 'epochs': 10, 'batch_size': 32, 'lr': 0.001}",14.041244268417358
Plant_oil,1,20,1,1,RNN,Tuned_Baseline,N/A,N/A,0.6390977443609023,0.5786687144493424,"{'hidden_size': 128, 'epochs': 50, 'batch_size': 32, 'lr': 0.005}",1.2410027980804443
Plant_oil,1,20,1,2,KNN,TimeVAE,1,"{'latent_dim': 64, 'epochs': 40, 'batch_size': 32}",0.9499248120300752,0.9495493066590744,"{'algorithm': 'auto', 'leaf_size': 30, 'metric': 'minkowski', 'metric_params': None, 'n_jobs': None, 'n_neighbors': np.int64(5), 'p': 3, 'weights': 'distance'}",0.5191574096679688
Plant_oil,1,20,1,2,RandomForest,TimeVAE,1,"{'latent_dim': 64, 'epochs': 40, 'batch_size': 32}",0.9375187969924812,0.9372760205364774,"{'bootstrap': True, 'ccp_alpha': 0.0, 'class_weight': 'balanced', 'criterion': 'gini', 'max_depth': 20, 'max_features': 'sqrt', 'max_leaf_nodes': None, 'max_samples': None, 'min_impurity_decrease': 0.0, 'min_samples_leaf': 1, 'min_samples_split': 2, 'min_weight_fraction_leaf': 0.0, 'monotonic_cst': None, 'n_estimators': 50, 'n_jobs': None, 'oob_score': False, 'random_state': 42, 'verbose': 0, 'warm_start': False}",9.278659105300903
Plant_oil,1,20,1,2,LinearSVC,TimeVAE,1,"{'latent_dim': 64, 'epochs': 40, 'batch_size': 32}",0.5498496240601504,0.5088634012966717,"{'C': np.float64(183.29807108324337), 'class_weight': 'balanced', 'dual': False, 'fit_intercept': True, 'intercept_scaling': 1, 'loss': 'squared_hinge', 'max_iter': 100, 'multi_class': 'ovr', 'penalty': 'l1', 'random_state': 42, 'tol': 0.0001, 'verbose': 0}",4.323915243148804
Plant_oil,1,20,1,2,LogisticRegression,TimeVAE,1,"{'latent_dim': 64, 'epochs': 40, 'batch_size': 32}",0.6514285714285715,0.6325046807368871,"{'C': np.float64(1000.0), 'class_weight': 'balanced', 'dual': False, 'fit_intercept': True, 'intercept_scaling': 1, 'l1_ratio': None, 'max_iter': 100, 'multi_class': 'deprecated', 'n_jobs': None, 'penalty': 'l2', 'random_state': 42, 'solver': 'sag', 'tol': 0.0001, 'verbose': 0, 'warm_start': False}",1.131978988647461
Plant_oil,1,20,1,2,RNN,TimeVAE,1,"{'latent_dim': 64, 'epochs': 40, 'batch_size': 32}",0.6992481203007519,0.6283835594818159,"{'hidden_size': 128, 'epochs': 50, 'batch_size': 32, 'lr': 0.005}",2844.8996551036835
Plant_oil,1,20,1,2,KNN,TimeVAE,2,"{'latent_dim': 8, 'epochs': 20, 'batch_size': 16}",0.9507518796992481,0.9502744252308998,"{'algorithm': 'auto', 'leaf_size': 30, 'metric': 'minkowski', 'metric_params': None, 'n_jobs': None, 'n_neighbors': np.int64(5), 'p': 3, 'weights': 'distance'}",0.5079739093780518
Plant_oil,1,20,1,2,RandomForest,TimeVAE,2,"{'latent_dim': 8, 'epochs': 20, 'batch_size': 16}",0.9468421052631579,0.946425579398592,"{'bootstrap': True, 'ccp_alpha': 0.0, 'class_weight': 'balanced', 'criterion': 'gini', 'max_depth': 30, 'max_features': 'sqrt', 'max_leaf_nodes': None, 'max_samples': None, 'min_impurity_decrease': 0.0, 'min_samples_leaf': 1, 'min_samples_split': 2, 'min_weight_fraction_leaf': 0.0, 'monotonic_cst': None, 'n_estimators': 150, 'n_jobs': None, 'oob_score': False, 'random_state': 42, 'verbose': 0, 'warm_start': False}",27.44340205192566
Plant_oil,1,20,1,2,LinearSVC,TimeVAE,2,"{'latent_dim': 8, 'epochs': 20, 'batch_size': 16}",0.5790977443609022,0.5502424033933913,"{'C': np.float64(33.59818286283781), 'class_weight': 'balanced', 'dual': False, 'fit_intercept': True, 'intercept_scaling': 1, 'loss': 'squared_hinge', 'max_iter': 100, 'multi_class': 'ovr', 'penalty': 'l1', 'random_state': 42, 'tol': 0.001, 'verbose': 0}",4.46406626701355
Plant_oil,1,20,1,2,LogisticRegression,TimeVAE,2,"{'latent_dim': 8, 'epochs': 20, 'batch_size': 16}",0.6651127819548872,0.66128416759279,"{'C': np.float64(33.59818286283781), 'class_weight': None, 'dual': False, 'fit_intercept': True, 'intercept_scaling': 1, 'l1_ratio': None, 'max_iter': 100, 'multi_class': 'deprecated', 'n_jobs': None, 'penalty': 'l2', 'random_state': 42, 'solver': 'saga', 'tol': 0.0001, 'verbose': 0, 'warm_start': False}",6.272787094116211
Plant_oil,1,20,1,2,RNN,TimeVAE,2,"{'latent_dim': 8, 'epochs': 20, 'batch_size': 16}",0.5864661654135338,0.5403741916346959,"{'hidden_size': 128, 'epochs': 50, 'batch_size': 32, 'lr': 0.005}",2748.1876695156097
Plant_oil,1,20,1,2,KNN,TimeVAE,3,"{'latent_dim': 8, 'epochs': 40, 'batch_size': 128}",0.9511278195488722,0.950690799013228,"{'algorithm': 'auto', 'leaf_size': 30, 'metric': 'minkowski', 'metric_params': None, 'n_jobs': None, 'n_neighbors': np.int64(5), 'p': 3, 'weights': 'distance'}",0.5122935771942139
Plant_oil,1,20,1,2,RandomForest,TimeVAE,3,"{'latent_dim': 8, 'epochs': 40, 'batch_size': 128}",0.9519548872180451,0.9514942385348009,"{'bootstrap': True, 'ccp_alpha': 0.0, 'class_weight': 'balanced', 'criterion': 'gini', 'max_depth': 30, 'max_features': 'sqrt', 'max_leaf_nodes': None, 'max_samples': None, 'min_impurity_decrease': 0.0, 'min_samples_leaf': 1, 'min_samples_split': 2, 'min_weight_fraction_leaf': 0.0, 'monotonic_cst': None, 'n_estimators': 150, 'n_jobs': None, 'oob_score': False, 'random_state': 42, 'verbose': 0, 'warm_start': False}",28.84332585334778
Plant_oil,1,20,1,2,LinearSVC,TimeVAE,3,"{'latent_dim': 8, 'epochs': 40, 'batch_size': 128}",0.6112781954887218,0.5747605116570623,"{'C': np.float64(33.59818286283781), 'class_weight': 'balanced', 'dual': False, 'fit_intercept': True, 'intercept_scaling': 1, 'loss': 'squared_hinge', 'max_iter': 100, 'multi_class': 'ovr', 'penalty': 'l1', 'random_state': 42, 'tol': 0.0001, 'verbose': 0}",3.7174079418182373
Plant_oil,1,20,1,2,LogisticRegression,TimeVAE,3,"{'latent_dim': 8, 'epochs': 40, 'batch_size': 128}",0.7272932330827068,0.7201650066832195,"{'C': np.float64(183.29807108324337), 'class_weight': None, 'dual': False, 'fit_intercept': True, 'intercept_scaling': 1, 'l1_ratio': None, 'max_iter': 100, 'multi_class': 'deprecated', 'n_jobs': None, 'penalty': 'l2', 'random_state': 42, 'solver': 'saga', 'tol': 0.0001, 'verbose': 0, 'warm_start': False}",6.415496587753296
Plant_oil,1,20,1,2,RNN,TimeVAE,3,"{'latent_dim': 8, 'epochs': 40, 'batch_size': 128}",0.6015037593984962,0.5559328675648888,"{'hidden_size': 128, 'epochs': 50, 'batch_size': 32, 'lr': 0.005}",2981.8740994930267
Plant_oil,1,20,1,2,KNN,TimeVAE,4,"{'latent_dim': 8, 'epochs': 60, 'batch_size': 64}",0.9476691729323308,0.9471521057304392,"{'algorithm': 'auto', 'leaf_size': 30, 'metric': 'minkowski', 'metric_params': None, 'n_jobs': None, 'n_neighbors': np.int64(13), 'p': 4, 'weights': 'distance'}",0.7136473655700684
Plant_oil,1,20,1,2,RandomForest,TimeVAE,4,"{'latent_dim': 8, 'epochs': 60, 'batch_size': 64}",0.9472932330827067,0.946915614390201,"{'bootstrap': True, 'ccp_alpha': 0.0, 'class_weight': 'balanced', 'criterion': 'gini', 'max_depth': 30, 'max_features': 'sqrt', 'max_leaf_nodes': None, 'max_samples': None, 'min_impurity_decrease': 0.0, 'min_samples_leaf': 1, 'min_samples_split': 2, 'min_weight_fraction_leaf': 0.0, 'monotonic_cst': None, 'n_estimators': 150, 'n_jobs': None, 'oob_score': False, 'random_state': 42, 'verbose': 0, 'warm_start': False}",30.25908398628235
Plant_oil,1,20,1,2,LinearSVC,TimeVAE,4,"{'latent_dim': 8, 'epochs': 60, 'batch_size': 64}",0.6188721804511278,0.5920528501161648,"{'C': np.float64(33.59818286283781), 'class_weight': 'balanced', 'dual': False, 'fit_intercept': True, 'intercept_scaling': 1, 'loss': 'squared_hinge', 'max_iter': 100, 'multi_class': 'ovr', 'penalty': 'l1', 'random_state': 42, 'tol': 0.001, 'verbose': 0}",3.6681301593780518
Plant_oil,1,20,1,2,LogisticRegression,TimeVAE,4,"{'latent_dim': 8, 'epochs': 60, 'batch_size': 64}",0.761203007518797,0.758860637429504,"{'C': np.float64(33.59818286283781), 'class_weight': None, 'dual': False, 'fit_intercept': True, 'intercept_scaling': 1, 'l1_ratio': None, 'max_iter': 100, 'multi_class': 'deprecated', 'n_jobs': None, 'penalty': 'l2', 'random_state': 42, 'solver': 'saga', 'tol': 0.0001, 'verbose': 0, 'warm_start': False}",6.343494892120361
Plant_oil,1,20,1,2,RNN,TimeVAE,4,"{'latent_dim': 8, 'epochs': 60, 'batch_size': 64}",0.42105263157894735,0.3191140054076789,"{'hidden_size': 128, 'epochs': 50, 'batch_size': 32, 'lr': 0.005}",2652.3841331005096
Plant_oil,1,20,1,2,KNN,TimeVAE,5,"{'latent_dim': 8, 'epochs': 30, 'batch_size': 64}",0.9506015037593984,0.9501278195841037,"{'algorithm': 'auto', 'leaf_size': 30, 'metric': 'minkowski', 'metric_params': None, 'n_jobs': None, 'n_neighbors': np.int64(5), 'p': 3, 'weights': 'distance'}",0.508448600769043
Plant_oil,1,20,1,2,RandomForest,TimeVAE,5,"{'latent_dim': 8, 'epochs': 30, 'batch_size': 64}",0.9458646616541353,0.9455318351838381,"{'bootstrap': True, 'ccp_alpha': 0.0, 'class_weight': 'balanced', 'criterion': 'gini', 'max_depth': None, 'max_features': 'sqrt', 'max_leaf_nodes': None, 'max_samples': None, 'min_impurity_decrease': 0.0, 'min_samples_leaf': 2, 'min_samples_split': 2, 'min_weight_fraction_leaf': 0.0, 'monotonic_cst': None, 'n_estimators': 150, 'n_jobs': None, 'oob_score': False, 'random_state': 42, 'verbose': 0, 'warm_start': False}",25.361544847488403
Plant_oil,1,20,1,2,LinearSVC,TimeVAE,5,"{'latent_dim': 8, 'epochs': 30, 'batch_size': 64}",0.5951127819548873,0.5634529678604466,"{'C': np.float64(183.29807108324337), 'class_weight': None, 'dual': False, 'fit_intercept': True, 'intercept_scaling': 1, 'loss': 'squared_hinge', 'max_iter': 100, 'multi_class': 'ovr', 'penalty': 'l1', 'random_state': 42, 'tol': 0.001, 'verbose': 0}",3.499476909637451
Plant_oil,1,20,1,2,LogisticRegression,TimeVAE,5,"{'latent_dim': 8, 'epochs': 30, 'batch_size': 64}",0.7115789473684211,0.702390945783313,"{'C': np.float64(6.1584821106602545), 'class_weight': None, 'dual': False, 'fit_intercept': True, 'intercept_scaling': 1, 'l1_ratio': None, 'max_iter': 100, 'multi_class': 'deprecated', 'n_jobs': None, 'penalty': 'l2', 'random_state': 42, 'solver': 'lbfgs', 'tol': 0.0001, 'verbose': 0, 'warm_start': False}",8.945719718933105
Plant_oil,1,20,1,2,RNN,TimeVAE,5,"{'latent_dim': 8, 'epochs': 30, 'batch_size': 64}",0.7218045112781954,0.6867248820338065,"{'hidden_size': 128, 'epochs': 50, 'batch_size': 32, 'lr': 0.005}",2516.733940601349
Plant_oil,1,20,1,2,KNN,TimeVAE,6,"{'latent_dim': 32, 'epochs': 30, 'batch_size': 32}",0.9440601503759398,0.9435688938035421,"{'algorithm': 'auto', 'leaf_size': 30, 'metric': 'minkowski', 'metric_params': None, 'n_jobs': None, 'n_neighbors': np.int64(15), 'p': 4, 'weights': 'distance'}",0.7091960906982422
Plant_oil,1,20,1,2,RandomForest,TimeVAE,6,"{'latent_dim': 32, 'epochs': 30, 'batch_size': 32}",0.9475187969924812,0.9471249000962642,"{'bootstrap': True, 'ccp_alpha': 0.0, 'class_weight': 'balanced', 'criterion': 'gini', 'max_depth': 30, 'max_features': 'sqrt', 'max_leaf_nodes': None, 'max_samples': None, 'min_impurity_decrease': 0.0, 'min_samples_leaf': 1, 'min_samples_split': 2, 'min_weight_fraction_leaf': 0.0, 'monotonic_cst': None, 'n_estimators': 150, 'n_jobs': None, 'oob_score': False, 'random_state': 42, 'verbose': 0, 'warm_start': False}",26.97190761566162
Plant_oil,1,20,1,2,LinearSVC,TimeVAE,6,"{'latent_dim': 32, 'epochs': 30, 'batch_size': 32}",0.4944360902255639,0.4411161446201681,"{'C': np.float64(14.38449888287663), 'class_weight': 'balanced', 'dual': False, 'fit_intercept': False, 'intercept_scaling': 1, 'loss': 'squared_hinge', 'max_iter': 100, 'multi_class': 'ovr', 'penalty': 'l2', 'random_state': 42, 'tol': 0.001, 'verbose': 0}",0.6185579299926758
Plant_oil,1,20,1,2,LogisticRegression,TimeVAE,6,"{'latent_dim': 32, 'epochs': 30, 'batch_size': 32}",0.6668421052631579,0.6493682260649575,"{'C': np.float64(6.1584821106602545), 'class_weight': None, 'dual': False, 'fit_intercept': True, 'intercept_scaling': 1, 'l1_ratio': None, 'max_iter': 100, 'multi_class': 'deprecated', 'n_jobs': None, 'penalty': 'l2', 'random_state': 42, 'solver': 'lbfgs', 'tol': 0.0001, 'verbose': 0, 'warm_start': False}",9.213305711746216
Plant_oil,1,20,1,2,RNN,TimeVAE,6,"{'latent_dim': 32, 'epochs': 30, 'batch_size': 32}",0.6090225563909775,0.5508415880972273,"{'hidden_size': 128, 'epochs': 50, 'batch_size': 32, 'lr': 0.005}",2321.70503616333
Plant_oil,1,20,1,2,KNN,TimeVAE,7,"{'latent_dim': 24, 'epochs': 20, 'batch_size': 128}",0.9510526315789474,0.950580410913572,"{'algorithm': 'auto', 'leaf_size': 30, 'metric': 'minkowski', 'metric_params': None, 'n_jobs': None, 'n_neighbors': np.int64(5), 'p': 3, 'weights': 'distance'}",0.43230295181274414
Plant_oil,1,20,1,2,RandomForest,TimeVAE,7,"{'latent_dim': 24, 'epochs': 20, 'batch_size': 128}",0.9445864661654135,0.9442604296493445,"{'bootstrap': True, 'ccp_alpha': 0.0, 'class_weight': 'balanced', 'criterion': 'gini', 'max_depth': 30, 'max_features': 'sqrt', 'max_leaf_nodes': None, 'max_samples': None, 'min_impurity_decrease': 0.0, 'min_samples_leaf': 1, 'min_samples_split': 2, 'min_weight_fraction_leaf': 0.0, 'monotonic_cst': None, 'n_estimators': 150, 'n_jobs': None, 'oob_score': False, 'random_state': 42, 'verbose': 0, 'warm_start': False}",22.668684244155884
Plant_oil,1,20,1,2,LinearSVC,TimeVAE,7,"{'latent_dim': 24, 'epochs': 20, 'batch_size': 128}",0.5224812030075188,0.4831211640255195,"{'C': np.float64(33.59818286283781), 'class_weight': 'balanced', 'dual': False, 'fit_intercept': True, 'intercept_scaling': 1, 'loss': 'squared_hinge', 'max_iter': 100, 'multi_class': 'ovr', 'penalty': 'l1', 'random_state': 42, 'tol': 0.0001, 'verbose': 0}",3.67122745513916
Plant_oil,1,20,1,2,LogisticRegression,TimeVAE,7,"{'latent_dim': 24, 'epochs': 20, 'batch_size': 128}",0.6566165413533834,0.6466481153132744,"{'C': np.float64(1000.0), 'class_weight': 'balanced', 'dual': False, 'fit_intercept': True, 'intercept_scaling': 1, 'l1_ratio': None, 'max_iter': 100, 'multi_class': 'deprecated', 'n_jobs': None, 'penalty': 'l2', 'random_state': 42, 'solver': 'sag', 'tol': 0.0001, 'verbose': 0, 'warm_start': False}",1.1299562454223633
Plant_oil,1,20,1,2,RNN,TimeVAE,7,"{'latent_dim': 24, 'epochs': 20, 'batch_size': 128}",0.6165413533834586,0.5560227887008072,"{'hidden_size': 128, 'epochs': 50, 'batch_size': 32, 'lr': 0.005}",2965.4100189208984
Plant_oil,1,20,1,2,KNN,TimeVAE,8,"{'latent_dim': 24, 'epochs': 50, 'batch_size': 16}",0.946015037593985,0.945594351134877,"{'algorithm': 'auto', 'leaf_size': 30, 'metric': 'euclidean', 'metric_params': None, 'n_jobs': None, 'n_neighbors': np.int64(9), 'p': 2, 'weights': 'distance'}",0.1939408779144287
Plant_oil,1,20,1,2,RandomForest,TimeVAE,8,"{'latent_dim': 24, 'epochs': 50, 'batch_size': 16}",0.9469924812030075,0.9466373882062961,"{'bootstrap': True, 'ccp_alpha': 0.0, 'class_weight': 'balanced', 'criterion': 'gini', 'max_depth': None, 'max_features': 'sqrt', 'max_leaf_nodes': None, 'max_samples': None, 'min_impurity_decrease': 0.0, 'min_samples_leaf': 2, 'min_samples_split': 2, 'min_weight_fraction_leaf': 0.0, 'monotonic_cst': None, 'n_estimators': 100, 'n_jobs': None, 'oob_score': False, 'random_state': 42, 'verbose': 0, 'warm_start': False}",20.42367172241211
Plant_oil,1,20,1,2,LinearSVC,TimeVAE,8,"{'latent_dim': 24, 'epochs': 50, 'batch_size': 16}",0.556015037593985,0.5016576777473437,"{'C': np.float64(33.59818286283781), 'class_weight': 'balanced', 'dual': False, 'fit_intercept': True, 'intercept_scaling': 1, 'loss': 'squared_hinge', 'max_iter': 100, 'multi_class': 'ovr', 'penalty': 'l1', 'random_state': 42, 'tol': 0.001, 'verbose': 0}",3.642556667327881
Plant_oil,1,20,1,2,LogisticRegression,TimeVAE,8,"{'latent_dim': 24, 'epochs': 50, 'batch_size': 16}",0.6642857142857143,0.6531253955130989,"{'C': np.float64(1000.0), 'class_weight': 'balanced', 'dual': False, 'fit_intercept': True, 'intercept_scaling': 1, 'l1_ratio': None, 'max_iter': 100, 'multi_class': 'deprecated', 'n_jobs': None, 'penalty': 'l2', 'random_state': 42, 'solver': 'sag', 'tol': 0.0001, 'verbose': 0, 'warm_start': False}",4.115427494049072
Plant_oil,1,20,1,2,RNN,TimeVAE,8,"{'latent_dim': 24, 'epochs': 50, 'batch_size': 16}",0.7744360902255639,0.7423412427171826,"{'hidden_size': 128, 'epochs': 50, 'batch_size': 32, 'lr': 0.005}",2981.597240924835
Plant_oil,1,20,1,2,KNN,TimeVAE,9,"{'latent_dim': 8, 'epochs': 20, 'batch_size': 64}",0.9502255639097744,0.949753802616924,"{'algorithm': 'auto', 'leaf_size': 30, 'metric': 'chebyshev', 'metric_params': None, 'n_jobs': None, 'n_neighbors': np.int64(5), 'p': 2, 'weights': 'uniform'}",0.6895620822906494
Plant_oil,1,20,1,2,RandomForest,TimeVAE,9,"{'latent_dim': 8, 'epochs': 20, 'batch_size': 64}",0.9436842105263158,0.9430474065575246,"{'bootstrap': True, 'ccp_alpha': 0.0, 'class_weight': 'balanced', 'criterion': 'gini', 'max_depth': 30, 'max_features': 'sqrt', 'max_leaf_nodes': None, 'max_samples': None, 'min_impurity_decrease': 0.0, 'min_samples_leaf': 1, 'min_samples_split': 2, 'min_weight_fraction_leaf': 0.0, 'monotonic_cst': None, 'n_estimators': 150, 'n_jobs': None, 'oob_score': False, 'random_state': 42, 'verbose': 0, 'warm_start': False}",21.99938201904297
Plant_oil,1,20,1,2,LinearSVC,TimeVAE,9,"{'latent_dim': 8, 'epochs': 20, 'batch_size': 64}",0.6233834586466166,0.5949667058929082,"{'C': np.float64(33.59818286283781), 'class_weight': None, 'dual': False, 'fit_intercept': True, 'intercept_scaling': 1, 'loss': 'squared_hinge', 'max_iter': 100, 'multi_class': 'ovr', 'penalty': 'l1', 'random_state': 42, 'tol': 0.001, 'verbose': 0}",3.290539503097534
Plant_oil,1,20,1,2,LogisticRegression,TimeVAE,9,"{'latent_dim': 8, 'epochs': 20, 'batch_size': 64}",0.7154135338345865,0.7080433506809563,"{'C': np.float64(183.29807108324337), 'class_weight': None, 'dual': False, 'fit_intercept': True, 'intercept_scaling': 1, 'l1_ratio': None, 'max_iter': 100, 'multi_class': 'deprecated', 'n_jobs': None, 'penalty': 'l2', 'random_state': 42, 'solver': 'saga', 'tol': 0.0001, 'verbose': 0, 'warm_start': False}",5.316316843032837
Plant_oil,1,20,1,2,RNN,TimeVAE,9,"{'latent_dim': 8, 'epochs': 20, 'batch_size': 64}",0.7368421052631579,0.7179945541034021,"{'hidden_size': 128, 'epochs': 50, 'batch_size': 32, 'lr': 0.005}",75.44257354736328
Plant_oil,1,20,1,2,KNN,TimeVAE,10,"{'latent_dim': 24, 'epochs': 50, 'batch_size': 128}",0.9508270676691729,0.9503228304252996,"{'algorithm': 'auto', 'leaf_size': 30, 'metric': 'minkowski', 'metric_params': None, 'n_jobs': None, 'n_neighbors': np.int64(5), 'p': 3, 'weights': 'distance'}",0.5095276832580566
Plant_oil,1,20,1,2,RandomForest,TimeVAE,10,"{'latent_dim': 24, 'epochs': 50, 'batch_size': 128}",0.9443609022556391,0.9441030530132101,"{'bootstrap': True, 'ccp_alpha': 0.0, 'class_weight': 'balanced', 'criterion': 'gini', 'max_depth': None, 'max_features': 'sqrt', 'max_leaf_nodes': None, 'max_samples': None, 'min_impurity_decrease': 0.0, 'min_samples_leaf': 2, 'min_samples_split': 2, 'min_weight_fraction_leaf': 0.0, 'monotonic_cst': None, 'n_estimators': 150, 'n_jobs': None, 'oob_score': False, 'random_state': 42, 'verbose': 0, 'warm_start': False}",27.92125701904297
Plant_oil,1,20,1,2,LinearSVC,TimeVAE,10,"{'latent_dim': 24, 'epochs': 50, 'batch_size': 128}",0.5627067669172933,0.5292594982550617,"{'C': np.float64(0.2069138081114788), 'class_weight': 'balanced', 'dual': False, 'fit_intercept': True, 'intercept_scaling': 1, 'loss': 'squared_hinge', 'max_iter': 100, 'multi_class': 'ovr', 'penalty': 'l2', 'random_state': 42, 'tol': 0.001, 'verbose': 0}",0.7947795391082764
Plant_oil,1,20,1,2,LogisticRegression,TimeVAE,10,"{'latent_dim': 24, 'epochs': 50, 'batch_size': 128}",0.6678947368421052,0.6542807983092807,"{'C': np.float64(183.29807108324337), 'class_weight': 'balanced', 'dual': False, 'fit_intercept': True, 'intercept_scaling': 1, 'l1_ratio': None, 'max_iter': 100, 'multi_class': 'deprecated', 'n_jobs': None, 'penalty': 'l1', 'random_state': 42, 'solver': 'saga', 'tol': 0.0001, 'verbose': 0, 'warm_start': False}",9.531131982803345
Plant_oil,1,20,1,2,RNN,TimeVAE,10,"{'latent_dim': 24, 'epochs': 50, 'batch_size': 128}",0.5939849624060151,0.5592139487387939,"{'hidden_size': 128, 'epochs': 50, 'batch_size': 32, 'lr': 0.005}",2953.4187173843384
Plant_oil,1,20,1,3,KNN,TimeVAE,1,"{'latent_dim': 64, 'epochs': 40, 'batch_size': 32}",0.9514285714285714,0.9512485791120823,"{'algorithm': 'auto', 'leaf_size': 30, 'metric': 'manhattan', 'metric_params': None, 'n_jobs': None, 'n_neighbors': np.int64(5), 'p': 2, 'weights': 'distance'}",0.3472445011138916
Plant_oil,1,20,1,3,RandomForest,TimeVAE,1,"{'latent_dim': 64, 'epochs': 40, 'batch_size': 32}",0.9426315789473684,0.9422289786363216,"{'bootstrap': True, 'ccp_alpha': 0.0, 'class_weight': None, 'criterion': 'gini', 'max_depth': 20, 'max_features': 'sqrt', 'max_leaf_nodes': None, 'max_samples': None, 'min_impurity_decrease': 0.0, 'min_samples_leaf': 1, 'min_samples_split': 2, 'min_weight_fraction_leaf': 0.0, 'monotonic_cst': None, 'n_estimators': 100, 'n_jobs': None, 'oob_score': False, 'random_state': 42, 'verbose': 0, 'warm_start': False}",19.4612398147583
Plant_oil,1,20,1,3,LinearSVC,TimeVAE,1,"{'latent_dim': 64, 'epochs': 40, 'batch_size': 32}",0.4658646616541353,0.4105687631198265,"{'C': np.float64(33.59818286283781), 'class_weight': 'balanced', 'dual': False, 'fit_intercept': True, 'intercept_scaling': 1, 'loss': 'squared_hinge', 'max_iter': 100, 'multi_class': 'ovr', 'penalty': 'l1', 'random_state': 42, 'tol': 0.001, 'verbose': 0}",7.797437906265259
Plant_oil,1,20,1,3,LogisticRegression,TimeVAE,1,"{'latent_dim': 64, 'epochs': 40, 'batch_size': 32}",0.5599248120300752,0.5275186618865843,"{'C': np.float64(6.1584821106602545), 'class_weight': None, 'dual': False, 'fit_intercept': True, 'intercept_scaling': 1, 'l1_ratio': None, 'max_iter': 100, 'multi_class': 'deprecated', 'n_jobs': None, 'penalty': 'l2', 'random_state': 42, 'solver': 'lbfgs', 'tol': 0.0001, 'verbose': 0, 'warm_start': False}",5.179198265075684
Plant_oil,1,20,1,3,RNN,TimeVAE,1,"{'latent_dim': 64, 'epochs': 40, 'batch_size': 32}",0.631578947368421,0.5822996250395631,"{'hidden_size': 128, 'epochs': 50, 'batch_size': 32, 'lr': 0.005}",2601.624048948288
Plant_oil,1,20,1,3,KNN,TimeVAE,2,"{'latent_dim': 8, 'epochs': 20, 'batch_size': 16}",0.9523308270676691,0.9521259297087012,"{'algorithm': 'auto', 'leaf_size': 30, 'metric': 'manhattan', 'metric_params': None, 'n_jobs': None, 'n_neighbors': np.int64(5), 'p': 2, 'weights': 'distance'}",0.3460826873779297
Plant_oil,1,20,1,3,RandomForest,TimeVAE,2,"{'latent_dim': 8, 'epochs': 20, 'batch_size': 16}",0.9466917293233083,0.9462920008863414,"{'bootstrap': True, 'ccp_alpha': 0.0, 'class_weight': 'balanced', 'criterion': 'gini', 'max_depth': 30, 'max_features': 'sqrt', 'max_leaf_nodes': None, 'max_samples': None, 'min_impurity_decrease': 0.0, 'min_samples_leaf': 1, 'min_samples_split': 2, 'min_weight_fraction_leaf': 0.0, 'monotonic_cst': None, 'n_estimators': 150, 'n_jobs': None, 'oob_score': False, 'random_state': 42, 'verbose': 0, 'warm_start': False}",36.94227576255798
Plant_oil,1,20,1,3,LinearSVC,TimeVAE,2,"{'latent_dim': 8, 'epochs': 20, 'batch_size': 16}",0.574812030075188,0.5377594254638767,"{'C': np.float64(2.6366508987303554), 'class_weight': 'balanced', 'dual': False, 'fit_intercept': True, 'intercept_scaling': 1, 'loss': 'squared_hinge', 'max_iter': 100, 'multi_class': 'ovr', 'penalty': 'l1', 'random_state': 42, 'tol': 0.0001, 'verbose': 0}",8.059818983078003
Plant_oil,1,20,1,3,LogisticRegression,TimeVAE,2,"{'latent_dim': 8, 'epochs': 20, 'batch_size': 16}",0.6485714285714286,0.6416089256249655,"{'C': np.float64(1000.0), 'class_weight': 'balanced', 'dual': False, 'fit_intercept': True, 'intercept_scaling': 1, 'l1_ratio': None, 'max_iter': 100, 'multi_class': 'deprecated', 'n_jobs': None, 'penalty': 'l2', 'random_state': 42, 'solver': 'sag', 'tol': 0.0001, 'verbose': 0, 'warm_start': False}",6.430474519729614
Plant_oil,1,20,1,3,RNN,TimeVAE,2,"{'latent_dim': 8, 'epochs': 20, 'batch_size': 16}",0.7218045112781954,0.7165697820624611,"{'hidden_size': 128, 'epochs': 50, 'batch_size': 32, 'lr': 0.005}",1950.9340465068817
Plant_oil,1,20,1,3,KNN,TimeVAE,3,"{'latent_dim': 8, 'epochs': 40, 'batch_size': 128}",0.9459398496240602,0.9455143754833821,"{'algorithm': 'auto', 'leaf_size': 30, 'metric': 'euclidean', 'metric_params': None, 'n_jobs': None, 'n_neighbors': np.int64(9), 'p': 2, 'weights': 'distance'}",0.30702757835388184
Plant_oil,1,20,1,3,RandomForest,TimeVAE,3,"{'latent_dim': 8, 'epochs': 40, 'batch_size': 128}",0.9381203007518797,0.9377152098027625,"{'bootstrap': True, 'ccp_alpha': 0.0, 'class_weight': 'balanced', 'criterion': 'gini', 'max_depth': 30, 'max_features': 'sqrt', 'max_leaf_nodes': None, 'max_samples': None, 'min_impurity_decrease': 0.0, 'min_samples_leaf': 1, 'min_samples_split': 5, 'min_weight_fraction_leaf': 0.0, 'monotonic_cst': None, 'n_estimators': 100, 'n_jobs': None, 'oob_score': False, 'random_state': 42, 'verbose': 0, 'warm_start': False}",25.36540722846985
Plant_oil,1,20,1,3,LinearSVC,TimeVAE,3,"{'latent_dim': 8, 'epochs': 40, 'batch_size': 128}",0.6004511278195489,0.5616742892105052,"{'C': np.float64(183.29807108324337), 'class_weight': 'balanced', 'dual': False, 'fit_intercept': True, 'intercept_scaling': 1, 'loss': 'squared_hinge', 'max_iter': 100, 'multi_class': 'ovr', 'penalty': 'l1', 'random_state': 42, 'tol': 0.0001, 'verbose': 0}",7.939408302307129
Plant_oil,1,20,1,3,LogisticRegression,TimeVAE,3,"{'latent_dim': 8, 'epochs': 40, 'batch_size': 128}",0.6906766917293233,0.6855365063840726,"{'C': np.float64(1000.0), 'class_weight': 'balanced', 'dual': False, 'fit_intercept': True, 'intercept_scaling': 1, 'l1_ratio': None, 'max_iter': 100, 'multi_class': 'deprecated', 'n_jobs': None, 'penalty': 'l2', 'random_state': 42, 'solver': 'sag', 'tol': 0.0001, 'verbose': 0, 'warm_start': False}",7.360422134399414
Plant_oil,1,20,1,3,RNN,TimeVAE,3,"{'latent_dim': 8, 'epochs': 40, 'batch_size': 128}",0.6466165413533834,0.6116512801497321,"{'hidden_size': 128, 'epochs': 50, 'batch_size': 32, 'lr': 0.005}",4448.0822467803955
Plant_oil,1,20,1,3,KNN,TimeVAE,4,"{'latent_dim': 8, 'epochs': 60, 'batch_size': 64}",0.9490225563909774,0.9487978161182052,"{'algorithm': 'auto', 'leaf_size': 30, 'metric': 'manhattan', 'metric_params': None, 'n_jobs': None, 'n_neighbors': np.int64(5), 'p': 2, 'weights': 'distance'}",0.34514927864074707
Plant_oil,1,20,1,3,RandomForest,TimeVAE,4,"{'latent_dim': 8, 'epochs': 60, 'batch_size': 64}",0.9490225563909774,0.948695032858732,"{'bootstrap': True, 'ccp_alpha': 0.0, 'class_weight': 'balanced', 'criterion': 'gini', 'max_depth': 30, 'max_features': 'sqrt', 'max_leaf_nodes': None, 'max_samples': None, 'min_impurity_decrease': 0.0, 'min_samples_leaf': 1, 'min_samples_split': 2, 'min_weight_fraction_leaf': 0.0, 'monotonic_cst': None, 'n_estimators': 150, 'n_jobs': None, 'oob_score': False, 'random_state': 42, 'verbose': 0, 'warm_start': False}",41.22469401359558
Plant_oil,1,20,1,3,LinearSVC,TimeVAE,4,"{'latent_dim': 8, 'epochs': 60, 'batch_size': 64}",0.6096992481203007,0.5847557869652629,"{'C': np.float64(6.1584821106602545), 'class_weight': None, 'dual': False, 'fit_intercept': True, 'intercept_scaling': 1, 'loss': 'squared_hinge', 'max_iter': 100, 'multi_class': 'ovr', 'penalty': 'l2', 'random_state': 42, 'tol': 0.0001, 'verbose': 0}",3.249028444290161
Plant_oil,1,20,1,3,LogisticRegression,TimeVAE,4,"{'latent_dim': 8, 'epochs': 60, 'batch_size': 64}",0.7421804511278195,0.737948960540509,"{'C': np.float64(183.29807108324337), 'class_weight': 'balanced', 'dual': False, 'fit_intercept': True, 'intercept_scaling': 1, 'l1_ratio': None, 'max_iter': 100, 'multi_class': 'deprecated', 'n_jobs': None, 'penalty': 'l1', 'random_state': 42, 'solver': 'saga', 'tol': 0.0001, 'verbose': 0, 'warm_start': False}",12.689507961273193
Plant_oil,1,20,1,3,RNN,TimeVAE,4,"{'latent_dim': 8, 'epochs': 60, 'batch_size': 64}",0.6466165413533834,0.6018712968531401,"{'hidden_size': 128, 'epochs': 50, 'batch_size': 32, 'lr': 0.005}",2933.0570363998413
Plant_oil,1,20,1,3,KNN,TimeVAE,5,"{'latent_dim': 8, 'epochs': 30, 'batch_size': 64}",0.9478947368421052,0.9474216795165601,"{'algorithm': 'auto', 'leaf_size': 30, 'metric': 'minkowski', 'metric_params': None, 'n_jobs': None, 'n_neighbors': np.int64(5), 'p': 3, 'weights': 'distance'}",0.5607976913452148
Plant_oil,1,20,1,3,RandomForest,TimeVAE,5,"{'latent_dim': 8, 'epochs': 30, 'batch_size': 64}",0.9450375939849625,0.944599399276381,"{'bootstrap': True, 'ccp_alpha': 0.0, 'class_weight': None, 'criterion': 'gini', 'max_depth': 20, 'max_features': 'sqrt', 'max_leaf_nodes': None, 'max_samples': None, 'min_impurity_decrease': 0.0, 'min_samples_leaf': 1, 'min_samples_split': 2, 'min_weight_fraction_leaf': 0.0, 'monotonic_cst': None, 'n_estimators': 100, 'n_jobs': None, 'oob_score': False, 'random_state': 42, 'verbose': 0, 'warm_start': False}",19.467026710510254
Plant_oil,1,20,1,3,LinearSVC,TimeVAE,5,"{'latent_dim': 8, 'epochs': 30, 'batch_size': 64}",0.5524812030075188,0.5190740105702861,"{'C': np.float64(33.59818286283781), 'class_weight': None, 'dual': False, 'fit_intercept': True, 'intercept_scaling': 1, 'loss': 'squared_hinge', 'max_iter': 100, 'multi_class': 'ovr', 'penalty': 'l1', 'random_state': 42, 'tol': 0.001, 'verbose': 0}",6.873570919036865
Plant_oil,1,20,1,3,LogisticRegression,TimeVAE,5,"{'latent_dim': 8, 'epochs': 30, 'batch_size': 64}",0.7133082706766918,0.7080549736774494,"{'C': np.float64(183.29807108324337), 'class_weight': None, 'dual': False, 'fit_intercept': True, 'intercept_scaling': 1, 'l1_ratio': None, 'max_iter': 100, 'multi_class': 'deprecated', 'n_jobs': None, 'penalty': 'l2', 'random_state': 42, 'solver': 'saga', 'tol': 0.0001, 'verbose': 0, 'warm_start': False}",7.722615003585815
